time,temp,precip,rel_humidity,wind_speed,wind_direction,cloud_cover
20210316T0000,2.5163136,0.0,91.0,17.58481,292.89056,35.0
20210316T0100,1.1963135,0.0,92.0,16.854767,289.98312,36.0
20210316T0200,0.54631346,0.0,93.0,15.03835,281.04095,0.0
20210316T0300,0.40631348,0.0,93.0,16.62249,274.96973,100.0
20210316T0400,0.31631348,0.0,93.0,19.70815,279.46234,100.0
20210316T0500,-0.09368652,0.0,95.0,20.620806,286.22018,100.0
20210316T0600,-0.29368654,0.0,95.0,19.9954,283.53586,100.0
20210316T0700,-0.5836865,0.0,95.0,21.829777,283.34872,100.0
20210316T0800,-0.4736865,0.0,93.0,23.795427,280.4599,100.0
20210316T0900,0.49631348,0.0,85.0,25.671307,284.62088,100.0
20210316T1000,1.8363135,0.0,77.0,26.420174,289.9164,100.0
20210316T1100,2.4363136,0.0,72.0,26.208395,290.9245,100.0
20210316T1200,2.6463134,0.0,70.0,26.999998,286.2602,48.0
20210316T1300,3.2363136,0.0,66.0,27.553526,287.48798,10.0
20210316T1400,5.0163136,0.0,60.0,23.4,292.61987,10.0
20210316T1500,6.0363135,0.0,55.0,23.806318,290.35324,24.0
20210316T1600,6.4663134,0.0,53.0,22.314194,287.85034,63.0
20210316T1700,6.5863137,0.0,52.0,21.749481,282.42593,62.0
20210316T1800,6.0763135,0.0,53.0,21.2522,280.7389,100.0
20210316T1900,5.7863135,0.0,57.0,20.969805,281.88867,81.0
20210316T2000,4.8563137,0.0,64.0,15.137133,267.27368,100.0
20210316T2100,4.3563137,0.0,70.0,14.799459,251.56506,100.0
20210316T2200,3.1963136,1.2,90.0,18.72346,271.1017,100.0
20210316T2300,3.6263134,0.1,89.0,18.448023,275.59933,100.0
20210317T0000,3.1063135,0.0,88.0,15.484185,271.3322,100.0
20210317T0100,2.5963135,0.1,90.0,16.700275,262.5686,100.0
20210317T0200,1.5763135,0.1,91.0,19.959719,262.74683,100.0
20210317T0300,1.5263135,0.2,92.0,17.163355,260.34012,100.0
20210317T0400,1.3463135,0.3,93.0,13.397612,263.82983,100.0
20210317T0500,1.3463135,0.2,93.0,8.64,270.0,100.0
20210317T0600,1.4363135,0.0,93.0,7.9526596,275.19443,100.0
20210317T0700,1.1563135,0.3,94.0,8.089993,290.85446,100.0
20210317T0800,1.2563134,0.1,93.0,9.957108,319.3987,100.0
20210317T0900,2.0963135,0.1,89.0,9.904906,19.093475,100.0
20210317T1000,3.2063136,0.0,76.0,12.4811535,33.231705,100.0
20210317T1100,3.6663134,0.1,71.0,17.782688,21.370605,95.0
20210317T1200,3.6163135,0.0,67.0,17.884428,40.100906,45.0
20210317T1300,4.2663136,0.0,59.0,18.861387,13.240509,80.0
20210317T1400,6.0863137,0.0,59.0,10.315115,330.7512,100.0
20210317T1500,6.0563135,0.3,61.0,10.948973,332.59244,100.0
20210317T1600,5.0863137,0.7,72.0,10.028439,338.9625,100.0
20210317T1700,5.2463136,0.8,68.0,13.202726,348.99646,100.0
20210317T1800,5.3363137,0.2,62.0,18.35647,11.309921,100.0
20210317T1900,4.7263136,0.0,66.0,16.45007,23.198593,100.0
20210317T2000,3.7363136,0.3,75.0,12.181625,18.970398,100.0
20210317T2100,3.0363135,0.7,83.0,20.991426,22.166351,100.0
20210317T2200,1.6763135,0.7,91.0,22.545315,38.516907,100.0
20210317T2300,1.2163135,0.5,91.0,23.933908,43.781113,100.0
20210318T0000,1.2063135,0.1,91.0,20.111729,44.274765,100.0
20210318T0100,1.2763135,0.0,90.0,22.159746,46.97493,100.0
20210318T0200,0.73631346,0.0,86.0,14.689588,53.97262,78.0
20210318T0300,0.9163135,0.0,86.0,13.044722,39.40065,100.0
20210318T0400,0.5563135,0.0,85.0,11.298495,22.479431,62.0
20210318T0500,-1.1636865,0.0,96.0,9.47012,8.74614,45.0
20210318T0600,-1.6836865,0.0,95.0,5.00128,30.256424,100.0
20210318T0700,-0.6736865,0.0,91.0,1.1384199,71.56504,100.0
20210318T0800,-1.6436865,0.0,93.0,3.319036,220.6013,100.0
20210318T0900,-0.3936865,0.0,83.0,5.3517847,250.34618,58.0
20210318T1000,2.1763134,0.0,71.0,3.9763298,275.19443,5.0
20210318T1100,6.1063137,0.0,56.0,0.35999998,360.0,10.0
20210318T1200,6.4263134,0.0,52.0,3.563818,44.999985,17.0
20210318T1300,4.3063135,0.0,56.0,5.8048253,29.744873,48.0
20210318T1400,5.1063137,0.0,47.0,12.594856,59.036255,30.0
20210318T1500,4.9963136,0.0,45.0,13.049689,65.55604,47.0
20210318T1600,5.0463133,0.0,45.0,11.91812,64.98311,57.0
20210318T1700,4.8863134,0.0,46.0,11.119281,60.945396,62.0
20210318T1800,4.7063136,0.0,46.0,9.826088,61.557068,100.0
20210318T1900,4.4563136,0.0,48.0,9.178235,64.440025,100.0
20210318T2000,4.0363135,0.0,49.0,7.2359104,84.289406,100.0
20210318T2100,3.3563135,0.0,56.0,6.638072,139.3987,100.0
20210318T2200,2.5863135,0.0,63.0,7.69592,169.2157,73.0
20210318T2300,1.3363135,0.0,68.0,5.815978,201.8014,54.0
20210319T0000,0.30631348,0.0,74.0,4.2136917,199.98311,61.0
20210319T0100,-0.23368654,0.0,73.0,5.7599998,180.0,58.0
20210319T0200,-0.4036865,0.0,65.0,4.68,180.0,50.0
20210319T0300,-0.4736865,0.0,63.0,2.968636,194.03624,97.0
20210319T0400,-0.97368646,0.0,65.0,2.2768397,198.43495,20.0
20210319T0500,-1.3136865,0.0,72.0,1.08,360.0,26.0
20210319T0600,-1.4836864,0.0,72.0,2.16,89.99999,13.0
20210319T0700,-1.5636865,0.0,71.0,3.096837,125.537674,0.0
20210319T0800,-1.3336865,0.0,69.0,3.096837,125.537674,0.0
20210319T0900,-0.1136865,0.0,65.0,2.7416782,66.8014,0.0
20210319T1000,1.5363135,0.0,57.0,7.928177,50.527527,0.0
20210319T1100,3.3963134,0.0,53.0,14.007655,64.09348,10.0
20210319T1200,4.4863133,0.0,49.0,15.2947035,63.43495,10.0
20210319T1300,4.7663136,0.0,45.0,16.92383,51.91121,42.0
20210319T1400,5.6763134,0.0,41.0,14.693999,59.036255,10.0
20210319T1500,6.1063137,0.0,38.0,14.113652,52.25319,14.0
20210319T1600,6.3263135,0.0,37.0,15.349684,39.289413,74.0
20210319T1700,5.9363136,0.0,40.0,17.57744,34.99202,66.0
20210319T1800,4.7663136,0.0,57.0,22.077717,24.057343,87.0
20210319T1900,3.3863134,0.0,73.0,20.111729,44.274765,100.0
20210319T2000,1.4663135,0.3,93.0,17.072504,47.563766,100.0
20210319T2100,1.4563135,0.5,91.0,25.35637,38.659805,100.0
20210319T2200,1.3563135,0.0,78.0,33.636406,47.602554,100.0
20210319T2300,0.7163135,0.0,84.0,24.522314,49.76364,54.0
20210320T0000,-0.06368652,0.0,89.0,20.12461,47.174744,47.0
20210320T0100,-0.9036865,0.0,91.0,15.7908325,46.847595,53.0
20210320T0200,-1.9236865,0.0,89.0,13.18308,55.007973,21.0
20210320T0300,-2.6136866,0.0,91.0,12.819235,51.842773,39.0
20210320T0400,-2.7536864,0.0,88.0,11.720751,47.489548,4.0
20210320T0500,-3.0836866,0.0,86.0,10.009036,52.305756,0.0
20210320T0600,-2.6836865,0.0,85.0,6.8777895,42.87889,82.0
20210320T0700,-2.4536865,0.0,85.0,8.699793,24.443954,97.0
20210320T0800,-2.1736865,0.0,90.0,17.287498,31.373001,100.0
20210320T0900,-1.7536864,0.0,77.0,34.69847,59.44404,100.0
20210320T1000,-1.2636865,0.0,68.0,32.688713,53.50869,100.0
20210320T1100,-0.87368643,0.0,66.0,36.43655,60.39554,100.0
20210320T1200,-0.6736865,0.0,61.0,35.261623,62.650124,86.0
20210320T1300,-0.2836865,0.0,55.0,35.75436,64.98311,12.0
20210320T1400,2.0363135,0.0,43.0,16.075521,55.954063,10.0
20210320T1500,2.8163135,0.0,39.0,15.124284,51.766174,12.0
20210320T1600,3.7263136,0.0,36.0,14.773164,46.97493,42.0
20210320T1700,3.9463136,0.0,36.0,15.021105,44.028976,25.0
20210320T1800,3.7663136,0.0,36.0,15.7908325,46.847595,1.0
20210320T1900,3.1263134,0.0,37.0,15.778516,55.222168,1.0
20210320T2000,1.5163136,0.0,43.0,14.934577,74.62374,0.0
20210320T2100,-0.3436865,0.0,51.0,10.829959,105.42216,0.0
20210320T2200,-1.3236865,0.0,58.0,8.707237,150.25511,4.0
20210320T2300,-1.4736865,0.0,55.0,9.47012,171.25385,26.0
20210321T0000,-2.0436864,0.0,53.0,7.9526596,174.80557,35.0
20210321T0100,-2.1636865,0.0,52.0,5.771239,176.42366,25.0
20210321T0200,-2.2036865,0.0,51.0,4.3349743,184.76364,38.0
20210321T0300,-2.1636865,0.0,50.0,3.6,180.0,8.0
20210321T0400,-2.0936866,0.0,48.0,2.8799999,180.0,52.0
20210321T0500,-2.0136864,0.0,48.0,2.5455842,188.1301,67.0
20210321T0600,-1.8536866,0.0,48.0,2.5959969,213.69006,100.0
20210321T0700,-1.9536865,0.0,51.0,2.2768397,251.56506,89.0
20210321T0800,-1.8336866,0.0,53.0,2.52,270.0,100.0
20210321T0900,-0.41368654,0.0,46.0,3.8939953,213.69006,100.0
20210321T1000,1.4063135,0.0,32.0,6.6087217,209.35776,94.0
20210321T1100,2.6563134,0.0,32.0,6.489992,250.55997,100.0
20210321T1200,3.4763136,0.0,35.0,7.69592,259.2157,100.0
20210321T1300,4.0863132,0.0,36.0,10.105681,274.08563,100.0
20210321T1400,5.7563133,0.0,38.0,9.36,270.0,100.0
20210321T1500,6.7563133,0.0,40.0,9.726665,267.8789,100.0
20210321T1600,6.7763133,0.0,44.0,12.324414,263.29016,100.0
20210321T1700,6.7463136,0.0,48.0,13.797912,262.50415,100.0
20210321T1800,5.5063133,0.0,57.0,15.696165,233.39293,100.0
20210321T1900,3.7263136,0.0,71.0,17.49615,216.63412,100.0
20210321T2000,3.4363136,0.0,70.0,16.575644,214.38034,16.0
20210321T2100,2.7763135,0.0,68.0,17.786331,215.94211,100.0
20210321T2200,1.9163135,0.1,81.0,17.713316,217.56859,100.0
20210321T2300,1.1163135,0.6,90.0,14.565548,219.9869,100.0
20210322T0000,1.1863135,0.4,88.0,12.096214,233.47115,100.0
20210322T0100,0.7763135,0.0,90.0,8.0899935,237.72437,20.0
20210322T0200,0.9663135,0.0,90.0,6.379216,253.61046,100.0
20210322T0300,1.0163134,0.1,92.0,5.8048253,277.125,100.0
20210322T0400,1.2263135,0.0,92.0,4.829907,296.56506,100.0
20210322T0500,1.1563135,0.0,93.0,4.39436,325.008,100.0
20210322T0600,0.5663135,0.0,94.0,5.6233797,309.80557,100.0
20210322T0700,0.3663135,0.0,93.0,7.491114,305.2176,100.0
20210322T0800,0.6463135,0.1,92.0,5.991594,327.26477,100.0
20210322T0900,2.2363133,0.0,83.0,12.738099,47.29059,100.0
20210322T1000,3.3663135,0.0,71.0,15.077082,56.68936,85.0
20210322T1100,4.7763133,0.0,64.0,12.303366,69.443954,10.0
20210322T1200,5.6963134,0.0,53.0,14.84318,75.96376,21.0
20210322T1300,6.1563134,0.0,45.0,16.179985,69.14554,68.0
20210322T1400,5.2163134,0.0,59.0,3.6,323.13013,71.0
20210322T1500,5.6763134,0.0,57.0,4.39436,304.99203,100.0
20210322T1600,5.9763136,0.0,56.0,4.3349743,311.63354,100.0
20210322T1700,6.0963135,0.0,56.0,4.072935,315.0,100.0
20210322T1800,6.0763135,0.0,58.0,4.3349743,265.23636,100.0
20210322T1900,5.4763136,0.0,63.0,9.178235,244.44003,100.0
20210322T2000,3.7263136,0.0,69.0,13.089354,238.49574,100.0
20210322T2100,3.1963136,0.0,70.0,9.885262,236.88866,100.0
20210322T2200,3.0563135,0.0,72.0,7.729527,207.75854,100.0
20210322T2300,2.2363133,0.0,73.0,7.342588,191.30994,55.0
20210323T0000,2.1363134,0.0,77.0,8.311245,184.96974,10.0
20210323T0100,1.2963135,0.0,89.0,7.928178,177.39743,3.0
20210323T0200,0.74631345,0.0,92.0,6.6185193,157.61987,16.0
20210323T0300,0.21631348,0.0,95.0,4.5536795,161.56505,0.0
20210323T0400,-0.5736865,0.0,96.0,2.7416782,156.8014,0.0
20210323T0500,-1.0836865,0.0,95.0,2.7416782,113.19859,4.0
20210323T0600,-1.0036864,0.0,95.0,4.5536795,108.434944,100.0
20210323T0700,-0.99368644,0.0,95.0,4.73506,98.74616,100.0
20210323T0800,-0.7736865,0.0,94.0,3.6,89.99999,100.0
20210323T0900,0.4263135,0.0,88.0,3.096837,35.53766,25.0
20210323T1000,3.1063135,0.0,76.0,5.1165614,50.7106,6.6000004
20210323T1100,5.4163136,0.0,67.0,6.9247384,62.102737,18.0
20210323T1200,7.2163134,0.0,55.0,7.42159,67.166336,62.0
20210323T1300,8.656314,0.0,48.0,6.9527545,68.7495,70.0
20210323T1400,9.586313,0.0,39.0,11.269782,63.43495,0.0
20210323T1500,10.446314,0.0,37.0,9.826088,61.557068,3.6000001
20210323T1600,10.976314,0.0,36.0,8.209263,52.125,25.0
20210323T1700,11.126313,0.0,35.0,8.4963045,53.61563,26.0
20210323T1800,11.096313,0.0,35.0,7.754637,68.19859,100.0
20210323T1900,10.686314,0.0,37.0,6.162207,83.29016,100.0
20210323T2000,9.8063135,0.0,43.0,4.1046314,164.74487,100.0
20210323T2100,7.3963137,0.0,52.0,7.8954163,204.22775,34.0
20210323T2200,5.8663135,0.0,57.0,6.849467,176.98721,0.0
20210323T2300,5.1163135,0.0,60.0,6.151683,159.44395,0.0
20210324T0000,4.3563137,0.0,63.0,5.6920996,161.56505,0.0
20210324T0100,3.9063134,0.0,60.0,5.5887027,165.06857,0.0
20210324T0200,3.5063136,0.0,57.0,4.452954,165.96376,0.0
20210324T0300,3.1563134,0.0,54.0,4.510787,151.38954,0.0
20210324T0400,2.8363135,0.0,51.0,3.7064266,150.94539,0.0
20210324T0500,2.4663136,0.0,51.0,3.319036,130.60129,0.0
20210324T0600,2.1163135,0.0,53.0,3.6,126.869896,0.0
20210324T0700,1.8763136,0.0,54.0,2.7416782,113.19859,0.0
20210324T0800,1.8263135,0.0,58.0,1.9386592,68.19859,0.0
20210324T0900,3.0363135,0.0,61.0,1.0182338,44.999985,0.0
20210324T1000,5.8063135,0.0,57.0,2.4149535,26.565033,0.0
20210324T1100,8.526314,0.0,52.0,3.7585104,16.69925,0.0
20210324T1200,10.746313,0.0,47.0,2.5959969,33.690063,0.0
20210324T1300,12.316314,0.0,43.0,2.0364676,44.999985,0.0
20210324T1400,13.566314,0.0,40.0,1.5273507,44.999985,0.0
20210324T1500,13.706313,0.0,37.0,0.5091169,315.0,0.0
20210324T1600,13.986314,0.0,37.0,1.9386592,248.1986,0.0
20210324T1700,14.036313,0.0,37.0,1.8,270.0,0.0
20210324T1800,13.856314,0.0,39.0,2.968636,255.96376,0.0
20210324T1900,13.386313,0.0,42.0,2.3051248,231.3402,0.0
20210324T2000,12.316314,0.0,47.0,5.815978,201.8014,0.0
20210324T2100,9.896314,0.0,60.0,7.628263,199.29004,0.0
20210324T2200,8.446314,0.0,66.0,7.6367526,171.8699,0.0
20210324T2300,7.2963133,0.0,65.0,8.209263,164.74487,0.0
20210325T0000,7.0763135,0.0,53.0,7.5942073,174.55966,0.0
20210325T0100,6.5463133,0.0,45.0,6.924738,171.02737,0.0
20210325T0200,5.9663134,0.0,40.0,6.519877,173.6598,0.0
20210325T0300,5.2963133,0.0,45.0,9.36,180.0,2.4
20210325T0400,4.2963133,0.0,53.0,6.28713,193.24052,2.4
20210325T0500,2.6563134,0.0,66.0,4.6938252,175.60129,4.8
20210325T0600,1.4963136,0.0,75.0,5.4119864,176.18593,8.400001
20210325T0700,2.5063136,0.0,63.0,6.638072,167.47119,5.4
20210325T0800,3.4763136,0.0,54.0,5.937272,165.96376,6.3
20210325T0900,5.1563134,0.0,56.0,3.96,180.0,5.4
20210325T1000,8.336313,0.0,50.0,7.491114,234.78241,7.5000005
20210325T1100,10.906314,0.0,50.0,11.923557,241.11342,7.2000003
20210325T1200,12.816314,0.0,49.0,12.522619,251.56506,4.8
20210325T1300,14.196314,0.0,47.0,12.371645,261.63412,5.7000003
20210325T1400,15.086313,0.0,45.0,12.959999,270.0,32.0
20210325T1500,15.486314,0.0,45.0,11.879999,270.0,75.0
20210325T1600,15.356314,0.0,46.0,12.6462,274.8991,14.0
20210325T1700,15.146314,0.0,46.0,13.910169,280.43747,49.0
20210325T1800,14.446314,0.0,48.0,14.145756,284.74356,64.0
20210325T1900,13.736314,0.0,51.0,13.207634,287.4472,100.0
20210325T2000,12.696314,0.0,58.0,10.365251,290.32315,100.0
20210325T2100,11.436314,0.0,65.0,8.049845,280.30487,87.0
20210325T2200,10.476314,0.0,69.0,6.9899354,258.11133,3.0
20210325T2300,9.546313,0.0,71.0,6.792466,237.99463,1.0
20210326T0000,8.686314,0.0,70.0,5.692099,214.69516,0.0
20210326T0100,8.096313,0.0,70.0,6.489992,213.69006,1.0
20210326T0200,7.7363133,0.0,70.0,6.792466,212.00539,1.0
20210326T0300,7.0563135,0.0,69.0,8.766573,199.17902,25.0
20210326T0400,6.0263133,0.0,71.0,5.3517847,227.72632,5.0
20210326T0500,4.9363136,0.0,75.0,0.8049845,243.43495,0.0
20210326T0600,4.3163137,0.0,78.0,0.35999998,360.0,0.0
20210326T0700,3.7763135,0.0,83.0,1.08,360.0,0.0
20210326T0800,3.5063136,0.0,87.0,2.0991426,30.963745,0.0
20210326T0900,4.7063136,0.0,81.0,2.6208394,344.0546,0.0
20210326T1000,7.1263137,0.0,70.0,2.3051248,308.65982,0.0
20210326T1100,9.506313,0.0,59.0,2.52,270.0,0.0
20210326T1200,11.876313,0.0,51.0,3.0547013,225.0,0.0
20210326T1300,13.796313,0.0,48.0,4.39436,235.00798,0.0
20210326T1400,15.236314,0.0,45.0,5.6002855,225.0,5.4
20210326T1500,16.216312,0.0,40.0,7.8954163,223.15239,6.0
20210326T1600,16.716312,0.0,38.0,8.287822,214.38034,74.0
20210326T1700,16.926313,0.0,38.0,9.290511,215.53769,53.0
20210326T1800,16.846313,0.0,41.0,11.27553,196.69925,100.0
20210326T1900,15.786313,0.0,45.0,11.183201,213.17851,100.0
20210326T2000,13.736314,0.0,54.0,12.24,208.0725,100.0
20210326T2100,12.186314,0.0,56.0,11.113451,204.90477,100.0
20210326T2200,10.686314,0.0,52.0,10.538843,187.85332,32.0
20210326T2300,9.346313,0.0,55.0,11.013882,168.69006,29.0
20210327T0000,8.826314,0.0,56.0,10.105681,175.91438,29.0
20210327T0100,9.826314,0.0,52.0,8.161764,228.57634,100.0
20210327T0200,9.446314,1.1,84.0,27.691935,243.76807,100.0
20210327T0300,9.476314,0.9,80.0,16.548256,224.11859,100.0
20210327T0400,8.336313,1.1,87.0,16.75064,241.78264,100.0
20210327T0500,8.316314,4.0,92.0,18.11841,249.04422,100.0
20210327T0600,8.106314,1.4,90.0,19.95972,230.85602,100.0
20210327T0700,7.2163134,2.6,94.0,20.969805,281.88867,100.0
20210327T0800,5.6463137,0.7,84.0,22.253124,279.30994,100.0
20210327T0900,6.3563137,0.0,79.0,24.858253,280.008,100.0
20210327T1000,6.6063137,0.0,73.0,25.050413,277.4314,29.0
20210327T1100,7.3363137,0.0,65.0,25.325686,275.7106,100.0
20210327T1200,8.336313,0.0,59.0,24.130743,271.7098,100.0
20210327T1300,9.356314,0.0,50.0,24.842607,269.16968,10.0
20210327T1400,10.116314,0.0,45.0,26.727423,274.63547,10.0
20210327T1500,10.986314,0.0,39.0,23.759998,270.0,10.0
20210327T1600,11.116314,0.0,39.0,24.503809,280.15427,5.0
20210327T1700,10.726314,0.0,41.0,23.933907,291.16125,10.0
20210327T1800,10.266314,0.0,45.0,22.862123,296.16156,10.0
20210327T1900,9.566314,0.0,47.0,17.22742,296.0296,0.90000004
20210327T2000,8.226314,0.0,53.0,9.565437,289.7989,3.0
20210327T2100,7.2663136,0.0,56.0,7.10031,239.53445,3.0
20210327T2200,6.2363133,0.0,64.0,8.587338,213.02386,0.0
20210327T2300,5.0763135,0.0,77.0,9.021574,208.61046,0.0
20210328T0000,4.4263134,0.0,81.0,6.0347,197.35403,0.0
20210328T0100,4.3063135,0.0,79.0,5.7599998,180.0,2.1000001
20210328T0200,4.2063136,0.0,77.0,6.4799995,180.0,3.9
20210328T0300,3.9063134,0.0,75.0,6.638072,167.47119,3.6000001
20210328T0400,3.1363134,0.0,78.0,5.937272,165.96376,2.7
20210328T0500,2.1163135,0.0,82.0,3.4152596,161.56505,0.0
20210328T0600,1.2263135,0.0,88.0,1.1384199,18.434952,0.0
20210328T0700,0.61631346,0.0,91.0,4.1046314,15.255127,0.0
20210328T0800,0.9363135,0.0,89.0,2.52,89.99999,5.1000004
20210328T0900,2.8563135,0.0,81.0,1.4399999,180.0,5.4
20210328T1000,5.4663134,0.0,71.0,0.5091169,225.0,7.8
20210328T1100,7.9663134,0.0,62.0,1.08,270.0,8.1
20210328T1200,10.066314,0.0,52.0,1.609969,243.43495,20.400002
20210328T1300,11.736314,0.0,47.0,3.96,270.0,5.4
20210328T1400,13.106314,0.0,42.0,5.0142193,248.9625,4.2000003
20210328T1500,14.176313,0.0,39.0,7.289444,249.77515,1.8000001
20210328T1600,14.866314,0.0,38.0,7.342588,258.69006,2.1000001
20210328T1700,15.226314,0.0,39.0,8.209263,254.74487,0.90000004
20210328T1800,15.276314,0.0,39.0,9.227524,249.44395,0.6
20210328T1900,14.826314,0.0,42.0,6.830519,251.56506,2.1000001
20210328T2000,13.856314,0.0,48.0,5.3517847,250.34618,3.6000001
20210328T2100,11.846313,0.0,58.0,6.3690495,222.7094,2.4
20210328T2200,9.406314,0.0,67.0,8.854829,206.56505,4.0
20210328T2300,8.406314,0.0,66.0,8.217153,208.81079,2.4
20210329T0000,7.9363136,0.0,64.0,6.725354,195.52411,4.5
20210329T0100,7.8263135,0.0,60.0,6.5693827,189.46233,8.400001
20210329T0200,7.9163136,0.0,53.0,5.7599998,180.0,11.0
20210329T0300,7.1163135,0.0,50.0,9.72,180.0,54.0
20210329T0400,6.0263133,0.0,51.0,5.4119864,183.81407,27.0
20210329T0500,4.3163137,0.0,59.0,5.506941,168.69006,12.0
20210329T0600,3.2563136,0.0,65.0,4.32,180.0,0.0
20210329T0700,3.6163135,0.0,60.0,4.5536795,161.56505,0.0
20210329T0800,4.4263134,0.0,54.0,4.1046314,142.12502,0.0
20210329T0900,5.7063136,0.0,56.0,1.08,89.99999,0.0
20210329T1000,8.516314,0.0,52.0,0.0,180.0,1.8000001
20210329T1100,11.326314,0.0,49.0,0.35999998,180.0,0.0
20210329T1200,14.116314,0.0,43.0,0.8049845,243.43495,0.3
20210329T1300,16.106314,0.0,39.0,1.1384199,288.43497,1.2
20210329T1400,17.606312,0.0,35.0,1.08,270.0,0.90000004
20210329T1500,18.626312,0.0,32.0,1.5273507,315.0,0.3
20210329T1600,19.116312,0.0,31.0,1.484318,284.03625,0.0
20210329T1700,19.226313,0.0,30.0,1.8,306.8699,0.0
20210329T1800,18.926313,0.0,32.0,2.2768397,18.434952,0.0
20210329T1900,18.276312,0.0,34.0,1.9386592,68.19859,0.0
20210329T2000,17.396313,0.0,36.0,4.198285,59.036232,0.6
20210329T2100,16.216312,0.0,41.0,6.297428,59.036255,0.0
20210329T2200,14.326314,0.0,49.0,5.0528407,94.08562,0.0
20210329T2300,13.176313,0.0,55.0,4.2136917,109.9831,24.0
20210330T0000,11.856314,0.0,60.0,2.4149535,116.56505,0.0
20210330T0100,10.826314,0.0,65.0,2.2768397,108.434944,0.0
20210330T0200,10.116314,0.0,67.0,1.2979984,146.30994,0.0
20210330T0300,8.676313,0.0,72.0,5.771239,176.42366,0.0
20210330T0400,7.6563134,0.0,75.0,1.484318,165.96376,0.0
20210330T0500,7.1363134,0.0,74.0,1.835647,78.69006,0.0
20210330T0600,6.5463133,0.0,74.0,3.0758414,110.556046,0.0
20210330T0700,6.1863136,0.0,73.0,3.396233,122.00538,0.0
20210330T0800,6.1563134,0.0,73.0,1.4399999,89.99999,0.0
20210330T0900,7.3163137,0.0,72.0,1.2979984,326.30994,0.0
20210330T1000,9.846313,0.0,65.0,1.484318,345.96375,0.0
20210330T1100,12.356314,0.0,58.0,2.52,360.0,0.0
20210330T1200,14.746313,0.0,51.0,3.671294,11.309921,0.0
20210330T1300,16.766312,0.0,46.0,4.802999,12.994629,0.0
20210330T1400,18.256313,0.0,42.0,4.6938252,4.398697,0.0
20210330T1500,19.466312,0.0,39.0,6.2145634,10.00798,4.0
20210330T1600,20.246313,0.0,37.0,6.6185193,22.380127,12.0
20210330T1700,20.606312,0.0,36.0,7.7043357,37.40535,9.0
20210330T1800,20.576313,0.0,35.0,7.127636,44.999985,7.0
20210330T1900,19.796312,0.0,39.0,5.1919937,56.30993,0.0
20210330T2000,19.036312,0.0,40.0,3.096837,54.46232,0.0
20210330T2100,17.686312,0.0,46.0,1.8,89.99999,41.0
20210330T2200,16.726313,0.0,49.0,1.8,180.0,42.0
20210330T2300,14.816314,0.0,58.0,2.3051248,218.65982,32.0
20210331T0000,13.426313,0.0,65.0,3.0758414,200.55605,31.0
20210331T0100,12.526314,0.0,70.0,2.16,180.0,12.0
20210331T0200,11.916313,0.0,73.0,1.484318,165.96376,0.0
20210331T0300,11.356314,0.0,75.0,1.9386592,158.1986,0.0
20210331T0400,10.826314,0.0,75.0,0.71999997,180.0,0.0
20210331T0500,9.896314,0.0,79.0,0.0,180.0,0.0
20210331T0600,9.246313,0.0,83.0,0.0,180.0,0.0
20210331T0700,8.726314,0.0,84.0,0.71999997,180.0,21.0
20210331T0800,8.766314,0.0,81.0,1.08,180.0,24.0
20210331T0900,10.086313,0.0,76.0,0.35999998,89.99999,20.0
20210331T1000,13.126313,0.0,63.0,1.2979984,213.69006,5.0
20210331T1100,16.356312,0.0,51.0,5.3517847,227.72632,0.0
20210331T1200,18.666313,0.0,46.0,8.089993,249.14554,0.0
20210331T1300,20.106312,0.0,43.0,7.9526596,264.80557,0.0
20210331T1400,21.016312,0.0,43.0,6.28713,256.7595,0.0
20210331T1500,21.876312,0.0,40.0,6.12,270.0,0.0
20210331T1600,22.266312,0.0,39.0,5.4477882,262.40536,0.0
20210331T1700,22.436312,0.0,39.0,5.04,270.0,0.0
20210331T1800,22.236313,0.0,39.0,4.3349743,265.23636,0.0
20210331T1900,21.356312,0.0,43.0,5.1919937,236.30994,0.0
20210331T2000,18.386312,0.0,48.0,9.1641035,225.0,0.0
20210331T2100,16.166313,0.0,47.0,7.5685663,205.34618,0.0
20210331T2200,15.566314,0.0,49.0,7.2,180.0,0.0
20210331T2300,15.066314,0.0,52.0,6.12,180.0,0.0
20210401T0000,14.256313,0.0,51.0,5.8603754,190.61966,0.0
20210401T0100,13.386313,0.0,50.0,5.0528407,184.08562,0.0
20210401T0200,12.846313,0.0,49.0,4.32,180.0,0.0
20210401T0300,12.456313,0.0,48.0,3.9763298,185.19443,0.0
20210401T0400,12.116314,0.0,46.0,4.73506,188.74615,0.0
20210401T0500,11.5563135,0.0,46.0,3.6,180.0,0.0
20210401T0600,11.026314,0.0,47.0,3.4152596,198.43495,0.0
20210401T0700,10.636313,0.0,46.0,3.671294,191.30994,0.0
20210401T0800,11.046313,0.0,44.0,3.6,180.0,0.0
20210401T0900,12.496313,0.0,47.0,4.32,180.0,0.0
20210401T1000,15.506313,0.0,46.0,7.145796,220.91438,0.0
20210401T1100,17.896313,0.0,46.0,8.534353,242.35403,0.0
20210401T1200,19.576313,0.0,45.0,7.771331,256.6075,0.0
20210401T1300,20.866312,0.0,43.0,6.87779,263.991,0.0
20210401T1400,21.726313,0.0,45.0,7.5685663,272.72632,10.0
20210401T1500,22.276312,0.0,41.0,6.6185193,292.38013,0.0
20210401T1600,22.376312,0.0,40.0,6.489992,289.44003,0.0
20210401T1700,22.316313,0.0,41.0,8.049845,296.56506,10.0
20210401T1800,21.886312,0.0,40.0,8.287822,304.38034,10.0
20210401T1900,21.006313,0.0,42.0,5.6002855,315.0,10.0
20210401T2000,20.116312,0.0,43.0,2.52,270.0,10.0
20210401T2100,17.346313,0.0,56.0,6.924738,188.97263,10.0
20210401T2200,14.366314,0.0,62.0,8.089993,200.85446,0.0
20210401T2300,14.076314,0.0,62.0,1.2979984,236.30994,47.0
20210402T0000,13.146314,0.0,69.0,1.8,360.0,0.0
20210402T0100,12.206313,0.0,73.0,2.9024127,352.875,2.0
20210402T0200,11.206313,0.0,78.0,4.0249224,349.69516,77.0
20210402T0300,10.586313,0.0,78.0,4.39436,325.008,3.0
20210402T0400,10.396314,0.0,76.0,5.0142193,338.9625,38.0
20210402T0500,10.536313,0.0,79.0,8.049845,10.30484,100.0
20210402T0600,10.606314,0.0,79.0,9.904906,19.093475,100.0
20210402T0700,9.816314,0.0,81.0,10.587917,17.818878,100.0
20210402T0800,9.0563135,0.0,83.0,9.531505,10.885529,0.0
20210402T0900,10.726314,0.0,77.0,10.30883,24.775131,0.0
20210402T1000,12.5563135,0.0,71.0,8.557102,22.249008,0.0
20210402T1100,14.226314,0.0,65.0,7.6367526,8.130096,0.3
20210402T1200,15.746313,0.0,61.0,8.669949,4.7636414,0.0
20210402T1300,17.076313,0.0,57.0,9.3876505,4.398697,0.0
20210402T1400,16.196314,0.0,64.0,12.57426,23.629364,10.0
20210402T1500,17.076313,0.0,58.0,11.177405,14.931412,10.0
20210402T1600,16.716312,0.0,56.0,11.525623,14.470276,17.0
20210402T1700,16.746313,0.0,56.0,11.384199,18.434952,100.0
20210402T1800,16.136312,0.0,57.0,12.303366,20.556046,100.0
20210402T1900,15.226314,0.0,59.0,15.978484,22.520554,100.0
20210402T2000,13.976314,0.0,59.0,17.388409,27.09555,100.0
20210402T2100,12.586313,0.0,52.0,20.929594,26.565033,100.0
20210402T2200,11.116314,0.0,56.0,22.473343,35.217575,100.0
20210402T2300,9.466313,0.0,64.0,20.188908,31.138962,100.0
20210403T0000,8.506313,0.0,67.0,15.379206,32.57405,100.0
20210403T0100,7.6763134,0.0,71.0,11.592895,25.769318,100.0
20210403T0200,7.1763134,0.0,74.0,9.178235,25.559967,100.0
20210403T0300,6.2163134,0.0,77.0,8.12197,12.804245,4.0
20210403T0400,5.5463133,0.0,75.0,13.779114,19.85521,100.0
20210403T0500,4.2663136,0.0,75.0,19.67195,34.562515,100.0
20210403T0600,3.3063135,0.0,75.0,18.668005,39.522614,100.0
20210403T0700,2.6763134,0.0,76.0,18.335276,43.408844,100.0
20210403T0800,2.7163136,0.0,75.0,20.65848,48.532303,100.0
20210403T0900,3.1663134,0.0,74.0,22.768396,55.304832,100.0
20210403T1000,4.2463136,0.0,66.0,23.023117,63.034294,100.0
20210403T1100,5.3863134,0.0,60.0,22.226902,65.09524,11.0
20210403T1200,6.6563134,0.0,53.0,21.413193,63.00415,0.0
20210403T1300,7.8063135,0.0,46.0,20.140705,61.14434,0.0
20210403T1400,9.316314,0.0,42.0,26.749235,61.020287,1.0
20210403T1500,9.616314,0.0,40.0,27.047956,63.093895,0.0
20210403T1600,9.736314,0.0,39.0,27.553524,61.090813,0.0
20210403T1700,9.606314,0.0,38.0,28.04305,60.802513,0.0
20210403T1800,9.266314,0.0,38.0,27.212759,62.417953,0.0
20210403T1900,8.796313,0.0,37.0,23.540806,66.571304,0.0
20210403T2000,7.5663137,0.0,41.0,15.7908325,65.772255,0.0
20210403T2100,6.0363135,0.0,47.0,12.758432,73.61045,0.0
20210403T2200,4.7163134,0.0,53.0,11.165805,91.8476,0.0
20210403T2300,3.3263135,0.0,59.0,9.107359,108.434944,10.0
20210404T0000,2.2863135,0.0,65.0,7.771331,103.392494,0.0
20210404T0100,2.2063134,0.0,66.0,6.8399997,89.99999,0.0
20210404T0200,1.6063135,0.0,69.0,6.725354,74.47588,0.0
20210404T0300,0.5963135,0.0,75.0,6.725354,74.47588,0.0
20210404T0400,-0.29368654,0.0,83.0,6.28713,66.37062,0.0
20210404T0500,-0.8336865,0.0,86.0,5.904439,52.431404,0.0
20210404T0600,-1.0236865,0.0,82.0,6.1305785,40.236343,0.0
20210404T0700,-0.7536864,0.0,78.0,6.3690495,42.70938,0.0
20210404T0800,0.27631348,0.0,75.0,4.072935,44.999985,0.0
20210404T0900,3.2063136,0.0,68.0,6.618519,44.999985,0.0
20210404T1000,6.3063135,0.0,57.0,11.246759,50.194427,0.0
20210404T1100,8.016314,0.0,42.0,14.291592,49.085617,0.0
20210404T1200,9.226314,0.0,35.0,14.512064,43.994904,0.0
20210404T1300,10.326314,0.0,31.0,14.799459,41.05481,0.0
20210404T1400,11.8063135,0.0,36.0,22.183128,48.28923,0.0
20210404T1500,12.506313,0.0,33.0,18.79255,53.569138,0.0
20210404T1600,12.776314,0.0,34.0,15.986593,54.16234,0.0
20210404T1700,12.846313,0.0,35.0,13.684735,54.637527,0.0
20210404T1800,12.566314,0.0,36.0,11.525623,51.34018,0.0
20210404T1900,11.976314,0.0,37.0,8.427383,70.016884,0.0
20210404T2000,10.816314,0.0,41.0,6.4799995,89.99999,0.0
20210404T2100,9.766314,0.0,44.0,5.991594,122.73523,0.0
20210404T2200,8.296313,0.0,50.0,6.638072,167.47119,0.0
20210404T2300,6.8663135,0.0,55.0,5.0911684,188.1301,0.0
20210405T0000,5.5763135,0.0,61.0,2.6208394,195.9454,0.0
20210405T0100,4.6863136,0.0,64.0,2.6208394,195.9454,0.0
20210405T0200,4.1963134,0.0,66.0,3.7585104,196.69925,0.0
20210405T0300,4.0463133,0.0,64.0,5.4833565,203.1986,0.0
20210405T0400,3.3863134,0.0,63.0,7.10031,210.46555,0.0
20210405T0500,2.8363135,0.0,60.0,8.587338,213.02386,0.0
20210405T0600,2.3163135,0.0,56.0,9.422101,223.45184,0.0
20210405T0700,1.8863136,0.0,58.0,9.673221,225.0,0.3
20210405T0800,3.6163135,0.0,58.0,14.20062,239.53445,5.4
20210405T0900,7.0063133,0.0,56.0,18.792551,253.30075,4.0
20210405T1000,9.386313,0.0,51.0,22.461807,263.5584,90.0
20210405T1100,11.076314,0.0,48.0,26.727423,265.36453,100.0
20210405T1200,12.086313,0.0,48.0,28.521906,265.65677,100.0
20210405T1300,13.826314,0.0,42.0,32.777798,268.11182,42.0
20210405T1400,14.326314,0.0,43.0,35.756172,274.61993,23.7
20210405T1500,14.486314,0.0,39.0,36.2243,280.30487,52.0
20210405T1600,13.736314,0.0,38.0,39.21522,285.43964,79.0
20210405T1700,12.966313,0.0,40.0,36.973244,276.70984,100.0
20210405T1800,10.776314,0.0,56.0,38.96158,301.7809,100.0
20210405T1900,7.1963134,1.0,81.0,28.348713,319.63547,100.0
20210405T2000,3.2963135,0.7,74.0,35.069984,5.3009186,100.0
20210405T2100,1.6063135,0.0,73.0,20.523155,1.0050812,100.0
20210405T2200,0.9163135,0.0,75.0,9.83268,23.749481,100.0
20210405T2300,-0.43368652,2.3,91.0,24.826954,29.538757,100.0
20210406T0000,-0.04368651,0.4,64.0,18.171976,33.690063,100.0
20210406T0100,0.046313494,0.0,61.0,8.913181,43.36342,100.0
20210406T0200,-0.7936865,0.0,74.0,2.16,360.0,10.0
20210406T0300,-1.9136865,0.0,86.0,6.379216,286.38956,0.0
20210406T0400,-2.8636866,0.0,88.0,7.92,270.0,0.0
20210406T0500,-3.7736864,0.0,90.0,11.808878,232.43141,68.0
20210406T0600,-4.5736866,0.0,88.0,18.844202,226.54816,20.0
20210406T0700,-5.4936867,0.0,87.0,21.638964,225.67404,0.0
20210406T0800,-4.4736867,0.0,80.0,23.78453,219.47246,41.0
20210406T0900,-2.6236866,0.0,63.0,32.682762,220.53284,72.0
20210406T1000,-1.4736865,0.0,64.0,34.20568,229.2679,87.0
20210406T1100,-0.36368653,0.0,72.0,33.332577,242.32793,100.0
20210406T1200,0.6963135,0.0,56.0,32.79361,252.75854,58.0
20210406T1300,1.7463136,0.0,55.0,36.516495,260.35196,100.0
20210406T1400,3.5463135,0.1,47.0,21.986542,272.81555,100.0
20210406T1500,3.9563136,0.0,44.0,19.586117,287.10272,91.0
20210406T1600,3.8563135,0.0,46.0,24.162947,294.65588,58.0
20210406T1700,3.7863135,0.0,47.0,23.828083,296.95218,98.0
20210406T1800,3.3163135,0.0,52.0,20.447239,296.11392,100.0
20210406T1900,3.3863134,0.0,48.0,18.58451,291.5953,100.0
20210406T2000,2.3863134,0.0,54.0,19.386593,301.3287,100.0
20210406T2100,2.2263134,0.0,54.0,16.58346,297.1213,100.0
20210406T2200,1.6663135,0.0,57.0,11.542478,266.42368,100.0
20210406T2300,1.1863135,0.0,61.0,8.699793,245.55606,100.0
20210407T0000,-0.5436865,0.0,77.0,11.457958,226.27303,100.0
20210407T0100,-0.2736865,0.0,73.0,14.05845,256.67548,100.0
20210407T0200,-1.0036864,0.4,88.0,19.602652,277.38605,100.0
20210407T0300,-0.43368652,0.0,77.0,9.449572,252.25534,100.0
20210407T0400,-0.89368653,0.9,80.0,16.87398,258.9298,100.0
20210407T0500,-1.0636865,0.6,84.0,25.40743,277.32642,100.0
20210407T0600,-1.5836865,0.0,88.0,29.379177,287.10272,100.0
20210407T0700,-1.9036865,0.0,86.0,33.709534,289.98312,100.0
20210407T0800,-1.4736865,0.0,81.0,28.894344,300.7189,100.0
20210407T0900,-0.5436865,0.0,74.0,26.161375,304.3461,14.0
20210407T1000,0.8063135,0.0,57.0,21.566973,303.4248,10.0
20210407T1100,1.3463135,0.0,51.0,21.734581,296.56506,45.0
20210407T1200,1.9563135,0.0,46.0,26.944744,292.7965,12.0
20210407T1300,3.0163136,0.0,41.0,31.170673,284.03625,10.0
20210407T1400,3.6463134,0.0,39.0,33.12,270.0,58.0
20210407T1500,3.9863136,0.0,40.0,26.009842,274.76364,98.0
20210407T1600,4.4063134,0.0,40.0,29.723444,281.17383,90.0
20210407T1700,4.1563134,0.0,44.0,30.633865,289.92557,40.0
20210407T1800,4.3863134,0.0,44.0,29.09103,282.1443,81.0
20210407T1900,4.4963136,0.0,42.0,26.525429,277.8002,58.0
20210407T2000,4.0863132,0.0,44.0,20.532627,272.00955,87.0
20210407T2100,3.6163135,0.0,46.0,17.418196,251.93953,100.0
20210407T2200,2.6363134,0.0,51.0,17.148247,230.9645,100.0
20210407T2300,2.6563134,0.0,53.0,17.49615,233.36589,100.0
20210408T0000,2.9163134,0.0,51.0,19.513195,240.12401,100.0
20210408T0100,2.7763135,0.0,51.0,20.61766,245.22485,100.0
20210408T0200,2.4863136,0.0,50.0,22.206486,253.03384,100.0
20210408T0300,1.1863135,0.0,52.0,16.343367,187.59465,75.0
20210408T0400,-0.4536865,0.0,53.0,13.039754,186.3402,50.0
20210408T0500,-1.4836864,0.0,51.0,9.826088,188.42697,37.0
20210408T0600,-1.6636865,0.0,45.0,11.753877,207.34988,57.0
20210408T0700,-1.9736865,0.0,47.0,10.948973,207.40758,59.0
20210408T0800,-0.42368653,0.0,42.0,11.525623,218.65982,66.0
20210408T0900,1.9463135,0.0,37.0,13.324863,231.58195,49.0
20210408T1000,3.8063135,0.0,39.0,14.081477,237.52881,5.0
20210408T1100,5.4463134,0.0,40.0,12.0694,252.64598,0.0
20210408T1200,6.8863134,0.0,38.0,11.620809,253.81079,0.0
20210408T1300,8.166313,0.0,36.0,10.495713,247.83365,0.0
20210408T1400,9.136313,0.0,35.0,10.00256,239.74356,0.0
20210408T1500,9.836313,0.0,33.0,2.0991426,149.03624,0.0
20210408T1600,10.336313,0.0,33.0,3.96,180.0,0.0
20210408T1700,10.826314,0.0,31.0,2.968636,194.03624,0.0
20210408T1800,10.996313,0.0,32.0,3.6179552,174.28941,0.0
20210408T1900,10.576314,0.0,35.0,5.8048253,150.25511,0.0
20210408T2000,8.976314,0.0,46.0,10.00256,149.74356,0.0
20210408T2100,6.9563136,0.0,54.0,9.659814,153.43495,0.0
20210408T2200,5.0863137,0.0,60.0,9.021574,151.38954,0.0
20210408T2300,3.9963136,0.0,61.0,8.699793,155.55605,0.0
20210409T0000,3.3963134,0.0,56.0,9.0,163.73979,0.0
20210409T0100,2.5963135,0.0,52.0,7.6367526,171.8699,3.0
20210409T0200,1.7363135,0.0,52.0,8.707238,172.87498,3.6000001
20210409T0300,1.5663135,0.0,52.0,10.594036,170.21759,26.0
20210409T0400,1.0363135,0.0,58.0,5.8603754,169.38034,23.0
20210409T0500,0.086313486,0.0,67.0,5.8048253,172.87498,47.0
20210409T0600,-0.8236865,0.0,75.0,4.73506,171.25385,38.0
20210409T0700,-0.5436865,0.0,68.0,4.68,180.0,14.0
20210409T0800,1.2663134,0.0,59.0,2.6208394,164.0546,3.3000002
20210409T0900,4.8263135,0.0,50.0,4.0249224,190.30484,43.0
20210409T1000,8.576314,0.0,39.0,5.1919937,213.69006,75.0
20210409T1100,11.016314,0.0,34.0,7.7043357,232.59465,100.0
20210409T1200,12.706313,0.0,31.0,9.339208,242.44719,100.0
20210409T1300,14.046313,0.0,29.0,12.904882,247.01129,100.0
20210409T1400,14.946314,0.0,28.0,14.48972,243.43495,100.0
20210409T1500,15.826314,0.0,28.0,14.4,233.1301,8.0
20210409T1600,16.186314,0.0,30.0,14.021525,221.87787,2.1000001
20210409T1700,16.266314,0.0,34.0,17.906157,210.17352,3.0
20210409T1800,15.096313,0.0,37.0,20.140705,204.27444,4.0
20210409T1900,13.936314,0.0,39.0,19.130875,199.79887,2.7
20210409T2000,11.936314,0.0,41.0,15.379206,200.55605,4.5
20210409T2100,9.916313,0.0,43.0,13.905509,201.2505,5.7000003
20210409T2200,9.416313,0.0,42.0,14.05845,193.32452,6.9
20210409T2300,8.526314,0.0,44.0,13.493999,189.21103,6.0
20210410T0000,7.8963137,0.0,46.0,12.605142,181.63658,10.8
20210410T0100,7.2263136,0.0,48.0,10.446206,181.97493,30.000002
20210410T0200,7.1963134,0.0,49.0,10.538843,187.85332,100.0
20210410T0300,6.7763133,0.0,55.0,16.215992,177.4552,86.0
20210410T0400,5.6063137,0.0,64.0,10.661107,168.31064,100.0
20210410T0500,4.7163134,0.0,67.0,10.538843,172.14668,100.0
20210410T0600,4.3763137,0.0,65.0,10.446206,178.02507,100.0
20210410T0700,5.4963136,0.0,57.0,8.707238,187.12502,100.0
20210410T0800,7.6263137,0.0,53.0,8.4963045,216.38435,100.0
20210410T0900,9.356314,0.0,64.0,12.849528,258.69006,100.0
20210410T1000,10.826314,0.0,61.0,9.0,270.0,100.0
20210410T1100,12.216313,0.0,56.0,5.95906,244.98311,100.0
20210410T1200,13.966313,0.0,50.0,9.021574,241.38954,87.0
20210410T1300,15.236314,0.0,42.0,8.14587,225.0,4.8
20210410T1400,16.056313,0.0,38.0,10.30883,204.77515,0.0
20210410T1500,16.266314,0.0,34.0,8.905908,194.03624,3.0
20210410T1600,16.656313,0.0,36.0,11.885453,181.7357,7.8
20210410T1700,16.966312,0.0,33.0,18.36353,181.1233,6.9
20210410T1800,15.886313,0.0,34.0,26.282465,180.78482,6.9
20210410T1900,14.466313,0.0,37.0,26.67889,183.09406,27.0
20210410T2000,12.666313,0.0,41.0,20.570463,184.01418,88.0
20210410T2100,11.526314,0.0,42.0,18.089775,185.71059,100.0
20210410T2200,11.066314,0.0,42.0,16.923828,181.21887,100.0
20210410T2300,10.576314,0.0,44.0,14.471821,185.71059,100.0
20210411T0000,10.0563135,0.0,46.0,11.620809,196.18921,100.0
20210411T0100,9.786313,0.0,47.0,10.703569,199.65382,100.0
20210411T0200,9.746313,0.0,47.0,10.30883,204.77515,100.0
20210411T0300,8.966313,0.0,53.0,10.308831,167.90524,91.0
20210411T0400,8.166313,0.0,60.0,6.763786,154.79887,100.0
20210411T0500,7.3463135,0.0,68.0,2.0364676,135.0,100.0
20210411T0600,6.2263136,0.0,77.0,0.35999998,180.0,92.0
20210411T0700,6.0363135,0.0,78.0,0.35999998,360.0,100.0
20210411T0800,7.2963133,0.0,75.0,1.8,306.8699,100.0
20210411T0900,9.826314,0.0,66.0,1.8,270.0,100.0
20210411T1000,11.826314,0.0,59.0,3.2399998,270.0,100.0
20210411T1100,13.766314,0.0,49.0,4.072935,225.0,100.0
20210411T1200,15.916313,0.0,42.0,7.6367526,188.1301,59.0
20210411T1300,17.526312,0.0,36.0,11.090103,193.13402,39.0
20210411T1400,18.226313,0.0,35.0,10.799999,216.8699,2.1000001
20210411T1500,19.016312,0.0,35.0,11.808878,217.5686,0.0
20210411T1600,18.686312,0.0,38.0,17.873556,235.66978,37.0
20210411T1700,15.036313,0.0,68.0,23.358423,298.53998,77.0
20210411T1800,14.466313,0.0,65.0,19.969458,303.97656,100.0
20210411T1900,13.376313,0.0,71.0,19.137648,286.38956,100.0
20210411T2000,11.546313,0.9,84.0,15.111424,282.38077,100.0
20210411T2100,10.546313,0.9,85.0,13.527572,295.2011,100.0
20210411T2200,9.926313,0.0,84.0,13.905509,291.2505,100.0
20210411T2300,8.796313,0.0,82.0,14.345898,287.52557,100.0
20210412T0000,8.326314,0.0,90.0,16.203999,271.27304,100.0
20210412T0100,7.5563135,0.2,90.0,16.93531,272.43665,100.0
20210412T0200,7.4063134,0.4,91.0,12.074766,280.30487,100.0
20210412T0300,6.8163137,0.3,89.0,21.434364,277.72183,100.0
20210412T0400,5.3663135,0.6,88.0,21.99538,291.10486,100.0
20210412T0500,4.3063135,0.4,87.0,18.171976,303.69006,100.0
20210412T0600,3.1463134,0.6,87.0,15.137133,357.2737,100.0
20210412T0700,1.7063135,1.0,91.0,8.534353,332.35403,100.0
20210412T0800,1.2963135,1.4,93.0,12.57426,336.37064,100.0
20210412T0900,1.2563134,1.2,93.0,14.618837,350.0738,100.0
20210412T1000,1.2863135,1.2,93.0,16.93531,2.4366455,100.0
20210412T1100,1.3063135,0.9,92.0,17.917007,22.442749,100.0
20210412T1200,1.4263135,0.8,92.0,13.684735,35.362457,100.0
20210412T1300,2.4363136,0.4,83.0,13.608762,37.476166,100.0
20210412T1400,3.1763134,0.0,72.0,13.53236,61.38954,100.0
20210412T1500,3.6563134,0.0,67.0,13.039754,83.65981,100.0
20210412T1600,4.3963137,0.0,63.0,14.934577,105.37624,97.0
20210412T1700,4.8263135,0.0,62.0,15.277749,124.43899,100.0
20210412T1800,4.8963137,0.0,64.0,14.168641,152.78389,100.0
20210412T1900,4.2663136,0.0,68.0,13.339445,176.90594,100.0
20210412T2000,3.5163136,0.0,68.0,10.464798,183.94519,36.0
20210412T2100,2.9263134,0.0,75.0,6.489992,213.69006,1.0
20210412T2200,3.2663136,0.0,79.0,3.671294,258.69006,100.0
20210412T2300,2.7563136,0.0,83.0,2.1897945,80.537674,96.0