hour_t0,temp_pi_t0,hum_pi_t0,wind_speed_t0,precip_t0,PM2.5_pi_t0,PM10_pi_t0,hour_t1,temp_pi_t1,hum_pi_t1,wind_speed_t1,precip_t1,PM2.5_pi_t1,PM10_pi_t1,hour_t2,temp_pi_t2,hum_pi_t2,wind_speed_t2,precip_t2,PM2.5_pi_t2,PM10_pi_t2,hour_t3,temp_pi_t3,hum_pi_t3,wind_speed_t3,precip_t3,PM2.5_pi_t3,PM10_pi_t3,hour_t4,temp_pi_t4,hum_pi_t4,wind_speed_t4,precip_t4,PM2.5_pi_t4,PM10_pi_t4,hour_t5,temp_pi_t5,hum_pi_t5,wind_speed_t5,precip_t5,PM2.5_pi_t5,PM10_pi_t5,PM2.5_pi,PM10_pi
9.0,8.316666666666666,53.28333333333333,5.1165614,0.0,11.798333333333334,17.71,10.0,13.408333333333331,38.35833333333333,6.924738400000001,0.0,10.01,15.38833333333333,11.0,17.391666666666666,32.19166666666666,7.421589999999999,0.0,7.510833333333333,9.632500000000002,12.0,18.65,30.08333333333333,6.9527545,0.0,6.064166666666668,8.284166666666666,13.0,19.98333333333333,28.125,11.269782,0.0,10.0425,15.749999999999998,14.0,17.624999999999996,30.933333333333337,9.826088,0.0,9.652500000000002,15.223333333333334,6.641,9.477
12.0,18.65,30.08333333333333,6.9527545,0.0,6.064166666666668,8.284166666666666,13.0,19.98333333333333,28.125,11.269782,0.0,10.0425,15.749999999999998,14.0,17.624999999999996,30.933333333333337,9.826088,0.0,9.652500000000002,15.223333333333334,15.0,13.99,35.77,8.209263,0.0,6.641,9.477,16.0,12.683333333333332,37.73333333333333,8.496304499999999,0.0,10.465000000000002,16.7625,17.0,11.616666666666664,40.35,7.754637,0.0,6.039999999999999,9.553333333333336,7.1475,10.535
15.0,13.99,35.77,8.209263,0.0,6.641,9.477,16.0,12.683333333333332,37.73333333333333,8.496304499999999,0.0,10.465000000000002,16.7625,17.0,11.616666666666664,40.35,7.754637,0.0,6.039999999999999,9.553333333333336,18.0,10.425,42.9,6.162207,0.0,7.1475,10.535,19.0,9.416666666666668,45.20833333333334,4.1046314,0.0,7.878333333333334,12.093333333333332,20.0,8.466666666666667,49.61666666666667,7.8954163,0.0,8.685833333333333,12.543333333333337,8.777500000000002,13.442499999999995
18.0,10.425,42.9,6.162207,0.0,7.1475,10.535,19.0,9.416666666666668,45.20833333333334,4.1046314,0.0,7.878333333333334,12.093333333333332,20.0,8.466666666666667,49.61666666666667,7.8954163,0.0,8.685833333333333,12.543333333333337,21.0,7.566666666666667,53.98333333333333,6.849467,0.0,8.777500000000002,13.442499999999995,22.0,6.8500000000000005,57.15833333333333,6.151683,0.0,9.145833333333334,12.6725,23.0,6.516666666666666,61.90833333333334,5.6920996,0.0,9.979166666666666,14.669166666666667,7.956666666666667,10.690833333333336
21.0,7.566666666666667,53.98333333333333,6.849467,0.0,8.777500000000002,13.442499999999995,22.0,6.8500000000000005,57.15833333333333,6.151683,0.0,9.145833333333334,12.6725,23.0,6.516666666666666,61.90833333333334,5.6920996,0.0,9.979166666666666,14.669166666666667,0.0,5.825,64.63333333333334,5.5887027,0.0,7.956666666666667,10.690833333333336,1.0,5.358333333333332,64.89166666666665,4.452954,0.0,12.6975,19.00166666666667,2.0,4.9818181818181815,66.10909090909091,4.5107870000000005,0.0,12.583636363636366,18.43,13.833333333333334,20.941666666666663
0.0,5.825,64.63333333333334,5.5887027,0.0,7.956666666666667,10.690833333333336,1.0,5.358333333333332,64.89166666666665,4.452954,0.0,12.6975,19.00166666666667,2.0,4.9818181818181815,66.10909090909091,4.5107870000000005,0.0,12.583636363636366,18.43,3.0,4.383333333333333,70.3,3.7064266,0.0,13.833333333333334,20.941666666666663,4.0,4.091666666666667,70.10833333333333,3.319036,0.0,9.75,13.501666666666669,5.0,3.766666666666667,71.24166666666666,3.6,0.0,11.2875,16.764166666666664,16.155,25.56583333333333
3.0,4.383333333333333,70.3,3.7064266,0.0,13.833333333333334,20.941666666666663,4.0,4.091666666666667,70.10833333333333,3.319036,0.0,9.75,13.501666666666669,5.0,3.766666666666667,71.24166666666666,3.6,0.0,11.2875,16.764166666666664,6.0,3.95,71.90833333333335,2.7416782000000004,0.0,16.155,25.56583333333333,7.0,4.675000000000002,70.61666666666666,1.9386592,0.0,16.538333333333338,25.721666666666668,8.0,5.4,66.85000000000001,1.0182338,0.0,10.0925,15.194166666666668,12.531666666666666,18.675833333333333
6.0,3.95,71.90833333333335,2.7416782000000004,0.0,16.155,25.56583333333333,7.0,4.675000000000002,70.61666666666666,1.9386592,0.0,16.538333333333338,25.721666666666668,8.0,5.4,66.85000000000001,1.0182338,0.0,10.0925,15.194166666666668,9.0,9.65,51.25833333333333,2.4149535,0.0,12.531666666666666,18.675833333333333,10.0,13.875,41.175,3.7585104,0.0,8.119166666666667,12.1475,11.0,17.916666666666668,34.65833333333334,2.5959969,0.0,8.620833333333334,11.94,9.01,12.940833333333336
9.0,9.65,51.25833333333333,2.4149535,0.0,12.531666666666666,18.675833333333333,10.0,13.875,41.175,3.7585104,0.0,8.119166666666667,12.1475,11.0,17.916666666666668,34.65833333333334,2.5959969,0.0,8.620833333333334,11.94,12.0,21.0,31.05,2.0364676,0.0,9.01,12.940833333333336,13.0,22.291666666666668,28.766666666666666,1.5273507,0.0,11.119166666666668,16.734166666666667,14.0,24.34166666666667,25.5,0.5091169,0.0,7.969166666666666,11.135833333333332,7.618333333333333,10.981666666666667
12.0,21.0,31.05,2.0364676,0.0,9.01,12.940833333333336,13.0,22.291666666666668,28.766666666666666,1.5273507,0.0,11.119166666666668,16.734166666666667,14.0,24.34166666666667,25.5,0.5091169,0.0,7.969166666666666,11.135833333333332,15.0,19.691666666666663,31.10833333333333,1.9386592,0.0,7.618333333333333,10.981666666666667,16.0,15.566666666666668,38.85833333333334,1.8,0.0,15.308333333333332,24.43583333333333,17.0,14.766666666666666,41.725,2.968636,0.0,11.828333333333331,18.19,12.035833333333333,17.04
15.0,19.691666666666663,31.10833333333333,1.9386592,0.0,7.618333333333333,10.981666666666667,16.0,15.566666666666668,38.85833333333334,1.8,0.0,15.308333333333332,24.43583333333333,17.0,14.766666666666666,41.725,2.968636,0.0,11.828333333333331,18.19,18.0,13.508333333333336,46.14166666666666,2.3051248,0.0,12.035833333333333,17.04,19.0,11.933333333333332,52.90833333333334,5.815978,0.0,14.989166666666668,22.853333333333328,20.0,11.025,53.29166666666666,7.628263,0.0,13.917500000000002,21.104166666666668,9.570909090909089,12.569090909090908
18.0,13.508333333333336,46.14166666666666,2.3051248,0.0,12.035833333333333,17.04,19.0,11.933333333333332,52.90833333333334,5.815978,0.0,14.989166666666668,22.853333333333328,20.0,11.025,53.29166666666666,7.628263,0.0,13.917500000000002,21.104166666666668,21.0,10.136363636363637,54.936363636363645,7.636752599999999,0.0,9.570909090909089,12.569090909090908,22.0,9.466666666666669,55.80000000000001,8.209263,0.0,10.301666666666666,14.6475,23.0,8.891666666666667,57.46666666666666,7.594207300000001,0.0,9.2875,14.324999999999998,16.1375,22.424166666666668
21.0,10.136363636363637,54.936363636363645,7.636752599999999,0.0,9.570909090909089,12.569090909090908,22.0,9.466666666666669,55.80000000000001,8.209263,0.0,10.301666666666666,14.6475,23.0,8.891666666666667,57.46666666666666,7.594207300000001,0.0,9.2875,14.324999999999998,0.0,8.241666666666665,58.96666666666667,6.9247380000000005,0.0,16.1375,22.424166666666668,1.0,7.574999999999999,60.84166666666667,6.519876999999999,0.0,9.209166666666668,13.9925,2.0,7.118181818181818,63.73636363636364,9.36,0.0,9.26909090909091,14.51909090909091,8.618181818181819,14.280909090909091
0.0,8.241666666666665,58.96666666666667,6.9247380000000005,0.0,16.1375,22.424166666666668,1.0,7.574999999999999,60.84166666666667,6.519876999999999,0.0,9.209166666666668,13.9925,2.0,7.118181818181818,63.73636363636364,9.36,0.0,9.26909090909091,14.51909090909091,3.0,6.390909090909091,65.27272727272727,6.28713,0.0,8.618181818181819,14.280909090909091,4.0,5.824999999999999,67.26666666666668,4.6938252,0.0,8.954166666666667,12.653333333333334,5.0,5.775000000000001,66.375,5.4119864,0.0,9.391666666666666,14.9475,8.385833333333332,12.790833333333332
3.0,6.390909090909091,65.27272727272727,6.28713,0.0,8.618181818181819,14.280909090909091,4.0,5.824999999999999,67.26666666666668,4.6938252,0.0,8.954166666666667,12.653333333333334,5.0,5.775000000000001,66.375,5.4119864,0.0,9.391666666666666,14.9475,6.0,5.75,69.925,6.638072,0.0,8.385833333333332,12.790833333333332,7.0,6.858333333333332,62.21666666666666,5.937272,0.0,9.09,13.639166666666668,8.0,7.49090909090909,58.53636363636363,3.96,0.0,7.783636363636364,12.37909090909091,7.644999999999999,12.469166666666668
6.0,5.75,69.925,6.638072,0.0,8.385833333333332,12.790833333333332,7.0,6.858333333333332,62.21666666666666,5.937272,0.0,9.09,13.639166666666668,8.0,7.49090909090909,58.53636363636363,3.96,0.0,7.783636363636364,12.37909090909091,9.0,10.991666666666664,49.48333333333334,7.491114,0.0,7.644999999999999,12.469166666666668,10.0,16.433333333333337,39.75,11.923557,0.0,8.121666666666668,11.615000000000002,11.0,19.541666666666668,34.30833333333334,12.522619,0.0,15.366666666666664,24.076666666666668,10.486666666666666,15.729166666666666
9.0,10.991666666666664,49.48333333333334,7.491114,0.0,7.644999999999999,12.469166666666668,10.0,16.433333333333337,39.75,11.923557,0.0,8.121666666666668,11.615000000000002,11.0,19.541666666666668,34.30833333333334,12.522619,0.0,15.366666666666664,24.076666666666668,12.0,22.21666666666667,30.375,12.371645,0.0,10.486666666666666,15.729166666666666,13.0,23.325,28.85833333333333,12.959999,0.0,10.105833333333331,15.400833333333331,14.0,23.224999999999994,29.66666666666667,11.879999,0.0,8.435,12.7075,9.48,15.120833333333335
12.0,22.21666666666667,30.375,12.371645,0.0,10.486666666666666,15.729166666666666,13.0,23.325,28.85833333333333,12.959999,0.0,10.105833333333331,15.400833333333331,14.0,23.224999999999994,29.66666666666667,11.879999,0.0,8.435,12.7075,15.0,19.591666666666665,34.31666666666667,12.6462,0.0,9.48,15.120833333333335,16.0,18.05,38.1,13.910169,0.0,11.251666666666663,17.055000000000003,17.0,16.825,39.99166666666667,14.145756,0.0,10.874166666666666,16.550833333333333,11.035833333333333,15.493333333333332
15.0,19.591666666666665,34.31666666666667,12.6462,0.0,9.48,15.120833333333335,16.0,18.05,38.1,13.910169,0.0,11.251666666666663,17.055000000000003,17.0,16.825,39.99166666666667,14.145756,0.0,10.874166666666666,16.550833333333333,18.0,15.55,42.90833333333333,13.207634,0.0,11.035833333333333,15.493333333333332,19.0,14.858333333333333,44.35833333333333,10.365251,0.0,10.1175,13.269166666666669,20.0,13.975,48.36666666666667,8.049845,0.0,11.321666666666667,15.937500000000002,11.966666666666669,17.74416666666666
18.0,15.55,42.90833333333333,13.207634,0.0,11.035833333333333,15.493333333333332,19.0,14.858333333333333,44.35833333333333,10.365251,0.0,10.1175,13.269166666666669,20.0,13.975,48.36666666666667,8.049845,0.0,11.321666666666667,15.937500000000002,21.0,12.908333333333331,55.133333333333326,6.9899354,0.0,11.966666666666669,17.74416666666666,22.0,11.875,59.76666666666666,6.792466,0.0,8.160000000000002,9.2375,23.0,11.083333333333334,60.41666666666666,5.692099,0.0,11.775833333333331,17.069999999999997,13.268333333333333,20.064166666666665
21.0,12.908333333333331,55.133333333333326,6.9899354,0.0,11.966666666666669,17.74416666666666,22.0,11.875,59.76666666666666,6.792466,0.0,8.160000000000002,9.2375,23.0,11.083333333333334,60.41666666666666,5.692099,0.0,11.775833333333331,17.069999999999997,0.0,10.51666666666667,60.39166666666667,6.489992,0.0,13.268333333333333,20.064166666666665,1.0,9.749999999999998,63.35,6.792466,0.0,11.015833333333331,16.286666666666665,2.0,8.983333333333333,65.33333333333333,8.766573,0.0,9.482500000000002,13.39,12.421666666666669,18.3975
0.0,10.51666666666667,60.39166666666667,6.489992,0.0,13.268333333333333,20.064166666666665,1.0,9.749999999999998,63.35,6.792466,0.0,11.015833333333331,16.286666666666665,2.0,8.983333333333333,65.33333333333333,8.766573,0.0,9.482500000000002,13.39,3.0,8.4,66.96666666666667,5.3517847000000005,0.0,12.421666666666669,18.3975,4.0,8.066666666666666,67.68333333333332,0.8049845,0.0,13.949166666666668,20.92833333333333,5.0,7.75,70.05833333333334,0.35999998,0.0,16.333333333333332,24.66,11.534166666666666,15.636666666666663
3.0,8.4,66.96666666666667,5.3517847000000005,0.0,12.421666666666669,18.3975,4.0,8.066666666666666,67.68333333333332,0.8049845,0.0,13.949166666666668,20.92833333333333,5.0,7.75,70.05833333333334,0.35999998,0.0,16.333333333333332,24.66,6.0,7.491666666666666,72.54166666666667,1.08,0.0,11.534166666666666,15.636666666666663,7.0,8.299999999999999,66.3,2.0991426,0.0,10.999999999999998,15.243333333333332,8.0,9.275,61.13333333333333,2.6208394,0.0,11.778333333333334,16.41583333333333,12.148333333333332,16.965833333333332
6.0,7.491666666666666,72.54166666666667,1.08,0.0,11.534166666666666,15.636666666666663,7.0,8.299999999999999,66.3,2.0991426,0.0,10.999999999999998,15.243333333333332,8.0,9.275,61.13333333333333,2.6208394,0.0,11.778333333333334,16.41583333333333,9.0,12.4,53.85,2.3051248,0.0,12.148333333333332,16.965833333333332,10.0,15.766666666666666,47.575,2.52,0.0,16.39166666666667,23.40000000000001,11.0,19.78333333333333,39.766666666666666,3.0547013,0.0,14.791666666666666,19.17833333333333,12.465833333333336,17.948333333333334
9.0,12.4,53.85,2.3051248,0.0,12.148333333333332,16.965833333333332,10.0,15.766666666666666,47.575,2.52,0.0,16.39166666666667,23.40000000000001,11.0,19.78333333333333,39.766666666666666,3.0547013,0.0,14.791666666666666,19.17833333333333,12.0,20.725,37.225,4.39436,0.0,12.465833333333336,17.948333333333334,13.0,22.10833333333333,33.458333333333336,5.6002855,0.0,12.571666666666667,18.21583333333333,14.0,20.075,35.233333333333334,7.8954163,0.0,9.651666666666666,13.368333333333334,11.705,17.5275
12.0,20.725,37.225,4.39436,0.0,12.465833333333336,17.948333333333334,13.0,22.10833333333333,33.458333333333336,5.6002855,0.0,12.571666666666667,18.21583333333333,14.0,20.075,35.233333333333334,7.8954163,0.0,9.651666666666666,13.368333333333334,15.0,19.258333333333333,37.475,8.287822,0.0,11.705,17.5275,16.0,17.241666666666667,40.12499999999999,9.290511,0.0,14.685833333333331,21.836666666666662,17.0,16.21666666666667,43.56666666666667,11.27553,0.0,12.533333333333331,16.765833333333333,14.669166666666667,20.848333333333333
15.0,19.258333333333333,37.475,8.287822,0.0,11.705,17.5275,16.0,17.241666666666667,40.12499999999999,9.290511,0.0,14.685833333333331,21.836666666666662,17.0,16.21666666666667,43.56666666666667,11.27553,0.0,12.533333333333331,16.765833333333333,18.0,15.416666666666664,46.775000000000006,11.183201,0.0,14.669166666666667,20.848333333333333,19.0,14.241666666666667,51.46666666666668,12.24,0.0,26.515833333333337,32.256666666666675,20.0,13.633333333333333,52.175,11.113451,0.0,17.235833333333332,22.1275,13.737500000000004,18.41916666666667
18.0,15.416666666666664,46.775000000000006,11.183201,0.0,14.669166666666667,20.848333333333333,19.0,14.241666666666667,51.46666666666668,12.24,0.0,26.515833333333337,32.256666666666675,20.0,13.633333333333333,52.175,11.113451,0.0,17.235833333333332,22.1275,21.0,13.383333333333336,52.208333333333336,10.538843,0.0,13.737500000000004,18.41916666666667,22.0,12.925,56.25,11.013882,0.0,17.614166666666666,21.0225,23.0,12.641666666666666,55.583333333333336,10.105681,0.0,13.864166666666668,18.669166666666666,14.836666666666666,19.026666666666667
21.0,13.383333333333336,52.208333333333336,10.538843,0.0,13.737500000000004,18.41916666666667,22.0,12.925,56.25,11.013882,0.0,17.614166666666666,21.0225,23.0,12.641666666666666,55.583333333333336,10.105681,0.0,13.864166666666668,18.669166666666666,0.0,13.341666666666669,60.74166666666667,8.161764,0.0,14.836666666666666,19.026666666666667,1.0,12.091666666666669,70.53333333333335,27.691935,1.1,8.13,10.970833333333331,2.0,10.6875,76.97500000000001,16.548256,0.9,6.026250000000001,10.060000000000002,5.43,8.61111111111111
0.0,13.341666666666669,60.74166666666667,8.161764,0.0,14.836666666666666,19.026666666666667,1.0,12.091666666666669,70.53333333333335,27.691935,1.1,8.13,10.970833333333331,2.0,10.6875,76.97500000000001,16.548256,0.9,6.026250000000001,10.060000000000002,3.0,10.066666666666666,78.56666666666666,16.75064,1.1,5.43,8.61111111111111,4.0,9.5875,81.2375,18.11841,4.0,4.69125,7.617500000000001,5.0,9.214285714285714,77.04285714285713,19.95972,1.4,4.0214285714285705,6.784285714285715,3.2583333333333333,5.6933333333333325
3.0,10.066666666666666,78.56666666666666,16.75064,1.1,5.43,8.61111111111111,4.0,9.5875,81.2375,18.11841,4.0,4.69125,7.617500000000001,5.0,9.214285714285714,77.04285714285713,19.95972,1.4,4.0214285714285705,6.784285714285715,6.0,8.733333333333334,73.66666666666667,20.969805,2.6,3.2583333333333333,5.6933333333333325,7.0,8.2875,69.48750000000001,22.253124,0.7,4.062499999999999,7.005000000000001,8.0,8.68,64.74,24.858253,0.0,4.146,6.938,4.46,7.5175
6.0,8.733333333333334,73.66666666666667,20.969805,2.6,3.2583333333333333,5.6933333333333325,7.0,8.2875,69.48750000000001,22.253124,0.7,4.062499999999999,7.005000000000001,8.0,8.68,64.74,24.858253,0.0,4.146,6.938,9.0,10.9,54.85,25.050413,0.0,4.46,7.5175,10.0,11.8,47.66,25.325686,0.0,4.378,7.25,11.0,14.53,43.36999999999999,24.130743,0.0,3.917,6.415000000000001,4.705,7.891
9.0,10.9,54.85,25.050413,0.0,4.46,7.5175,10.0,11.8,47.66,25.325686,0.0,4.378,7.25,11.0,14.53,43.36999999999999,24.130743,0.0,3.917,6.415000000000001,12.0,14.9,41.120000000000005,24.842607,0.0,4.705,7.891,13.0,15.2125,38.425,26.727423,0.0,4.43875,6.75875,14.0,14.25,37.725,23.759998,0.0,5.244166666666667,8.764166666666666,6.056,9.904
12.0,14.9,41.120000000000005,24.842607,0.0,4.705,7.891,13.0,15.2125,38.425,26.727423,0.0,4.43875,6.75875,14.0,14.25,37.725,23.759998,0.0,5.244166666666667,8.764166666666666,15.0,14.65,37.41,24.503809,0.0,6.056,9.904,16.0,13.411111111111111,37.68888888888889,23.933907,0.0,3.967777777777778,6.607777777777778,17.0,12.18888888888889,39.91111111111111,22.862123,0.0,5.08,8.556666666666665,6.218181818181818,9.17
15.0,14.65,37.41,24.503809,0.0,6.056,9.904,16.0,13.411111111111111,37.68888888888889,23.933907,0.0,3.967777777777778,6.607777777777778,17.0,12.18888888888889,39.91111111111111,22.862123,0.0,5.08,8.556666666666665,18.0,11.318181818181817,42.24545454545455,17.227420000000002,0.0,6.218181818181818,9.17,19.0,10.55,44.44166666666666,9.565437,0.0,5.516666666666667,8.1625,20.0,10.11,47.87,7.10031,0.0,5.361,8.107000000000001,8.223333333333333,10.615833333333333
18.0,11.318181818181817,42.24545454545455,17.227420000000002,0.0,6.218181818181818,9.17,19.0,10.55,44.44166666666666,9.565437,0.0,5.516666666666667,8.1625,20.0,10.11,47.87,7.10031,0.0,5.361,8.107000000000001,21.0,9.883333333333336,50.225,8.587338,0.0,8.223333333333333,10.615833333333333,22.0,9.316666666666666,54.241666666666674,9.021574,0.0,10.541666666666666,16.376666666666665,23.0,8.6,58.325,6.0347,0.0,10.125000000000002,15.913333333333334,6.236,9.613
21.0,9.883333333333336,50.225,8.587338,0.0,8.223333333333333,10.615833333333333,22.0,9.316666666666666,54.241666666666674,9.021574,0.0,10.541666666666666,16.376666666666665,23.0,8.6,58.325,6.0347,0.0,10.125000000000002,15.913333333333334,0.0,8.0,62.7,5.7599998,0.0,6.236,9.613,1.0,7.43,62.45,6.4799995,0.0,5.787,9.666,1.0,7.43,62.45,6.638072,0.0,5.787,9.666,7.047272727272727,11.18727272727273
0.0,8.0,62.7,5.7599998,0.0,6.236,9.613,1.0,7.43,62.45,6.4799995,0.0,5.787,9.666,1.0,7.43,62.45,6.638072,0.0,5.787,9.666,2.0,6.881818181818181,64.03636363636363,5.937272,0.0,7.047272727272727,11.18727272727273,3.0,6.658333333333332,67.45,3.4152596,0.0,5.520833333333333,9.129166666666668,4.0,6.150000000000001,68.73333333333333,1.1384199,0.0,6.378333333333333,8.960833333333332,8.175833333333333,11.664166666666668
2.0,6.881818181818181,64.03636363636363,5.937272,0.0,7.047272727272727,11.18727272727273,3.0,6.658333333333332,67.45,3.4152596,0.0,5.520833333333333,9.129166666666668,4.0,6.150000000000001,68.73333333333333,1.1384199,0.0,6.378333333333333,8.960833333333332,5.0,5.716666666666668,68.98333333333332,4.1046314,0.0,8.175833333333333,11.664166666666668,6.0,5.4363636363636365,70.91818181818181,2.52,0.0,7.4,11.557272727272728,7.0,6.166666666666665,69.29166666666667,1.4399999,0.0,5.735833333333333,7.756666666666667,5.347272727272728,8.693636363636363
5.0,5.716666666666668,68.98333333333332,4.1046314,0.0,8.175833333333333,11.664166666666668,6.0,5.4363636363636365,70.91818181818181,2.52,0.0,7.4,11.557272727272728,7.0,6.166666666666665,69.29166666666667,1.4399999,0.0,5.735833333333333,7.756666666666667,8.0,7.209090909090909,61.91818181818182,0.5091169,0.0,5.347272727272728,8.693636363636363,9.0,10.679999999999998,50.55,1.08,0.0,4.264,6.738999999999999,10.0,15.188888888888888,39.51111111111111,1.609969,0.0,3.856666666666666,5.755555555555556,5.673,9.295
8.0,7.209090909090909,61.91818181818182,0.5091169,0.0,5.347272727272728,8.693636363636363,9.0,10.679999999999998,50.55,1.08,0.0,4.264,6.738999999999999,10.0,15.188888888888888,39.51111111111111,1.609969,0.0,3.856666666666666,5.755555555555556,11.0,19.37,32.56,3.96,0.0,5.673,9.295,12.0,22.045454545454547,29.4,5.0142193,0.0,4.439999999999999,6.713636363636365,13.0,22.66363636363636,28.70909090909091,7.289444,0.0,4.829090909090909,7.088181818181818,7.0775,11.476666666666668
11.0,19.37,32.56,3.96,0.0,5.673,9.295,12.0,22.045454545454547,29.4,5.0142193,0.0,4.439999999999999,6.713636363636365,13.0,22.66363636363636,28.70909090909091,7.289444,0.0,4.829090909090909,7.088181818181818,14.0,22.649999999999995,28.625,7.342588,0.0,7.0775,11.476666666666668,15.0,19.5,33.27,8.209263,0.0,7.685,12.681,16.0,16.645454545454545,38.71818181818182,9.227524,0.0,6.626363636363636,10.42909090909091,8.286666666666667,13.0125
14.0,22.649999999999995,28.625,7.342588,0.0,7.0775,11.476666666666668,15.0,19.5,33.27,8.209263,0.0,7.685,12.681,16.0,16.645454545454545,38.71818181818182,9.227524,0.0,6.626363636363636,10.42909090909091,17.0,15.433333333333332,43.54166666666666,6.830519000000001,0.0,8.286666666666667,13.0125,18.0,14.508333333333336,45.76666666666666,5.3517847000000005,0.0,9.799166666666665,15.931666666666665,19.0,13.591666666666669,50.36666666666667,6.3690495,0.0,9.5125,13.694166666666666,9.7675,13.777500000000002
17.0,15.433333333333332,43.54166666666666,6.830519000000001,0.0,8.286666666666667,13.0125,18.0,14.508333333333336,45.76666666666666,5.3517847000000005,0.0,9.799166666666665,15.931666666666665,19.0,13.591666666666669,50.36666666666667,6.3690495,0.0,9.5125,13.694166666666666,20.0,12.708333333333334,54.725,8.854828999999999,0.0,9.7675,13.777500000000002,21.0,11.908333333333331,55.633333333333326,8.217153,0.0,7.718333333333334,11.42,22.0,11.127272727272729,57.47272727272728,6.725353999999999,0.0,5.473636363636364,7.769090909090909,5.6475,7.878333333333335
20.0,12.708333333333334,54.725,8.854828999999999,0.0,9.7675,13.777500000000002,21.0,11.908333333333331,55.633333333333326,8.217153,0.0,7.718333333333334,11.42,22.0,11.127272727272729,57.47272727272728,6.725353999999999,0.0,5.473636363636364,7.769090909090909,23.0,10.466666666666669,58.15833333333333,6.5693827,0.0,5.6475,7.878333333333335,0.0,9.872727272727271,59.60909090909092,5.7599998,0.0,7.613636363636362,11.719090909090909,1.0,9.291666666666666,60.08333333333334,9.72,0.0,7.039166666666667,11.339999999999998,6.749166666666667,10.1075
23.0,10.466666666666669,58.15833333333333,6.5693827,0.0,5.6475,7.878333333333335,0.0,9.872727272727271,59.60909090909092,5.7599998,0.0,7.613636363636362,11.719090909090909,1.0,9.291666666666666,60.08333333333334,9.72,0.0,7.039166666666667,11.339999999999998,2.0,8.933333333333335,60.20833333333334,5.4119864,0.0,6.749166666666667,10.1075,3.0,8.225,63.21666666666667,5.506941,0.0,7.871666666666667,13.393333333333336,4.0,7.658333333333332,67.01666666666667,4.32,0.0,5.710833333333333,8.541666666666666,7.948333333333333,11.751666666666669
2.0,8.933333333333335,60.20833333333334,5.4119864,0.0,6.749166666666667,10.1075,3.0,8.225,63.21666666666667,5.506941,0.0,7.871666666666667,13.393333333333336,4.0,7.658333333333332,67.01666666666667,4.32,0.0,5.710833333333333,8.541666666666666,5.0,7.399999999999999,65.88333333333334,4.553679499999999,0.0,7.948333333333333,11.751666666666669,6.0,7.716666666666666,64.40833333333333,4.1046314,0.0,10.42,16.796666666666667,7.0,8.9,56.66363636363636,1.08,0.0,6.582727272727274,10.342727272727272,7.849166666666665,11.551666666666668
5.0,7.399999999999999,65.88333333333334,4.553679499999999,0.0,7.948333333333333,11.751666666666669,6.0,7.716666666666666,64.40833333333333,4.1046314,0.0,10.42,16.796666666666667,7.0,8.9,56.66363636363636,1.08,0.0,6.582727272727274,10.342727272727272,8.0,10.016666666666667,52.56666666666667,0.0,0.0,7.849166666666665,11.551666666666668,9.0,13.918181818181818,41.3909090909091,0.35999998,0.0,9.325454545454546,13.976363636363637,10.0,17.683333333333334,34.65833333333334,0.8049845,0.0,10.200833333333335,15.823333333333336,7.765833333333333,12.466666666666669
8.0,10.016666666666667,52.56666666666667,0.0,0.0,7.849166666666665,11.551666666666668,9.0,13.918181818181818,41.3909090909091,0.35999998,0.0,9.325454545454546,13.976363636363637,10.0,17.683333333333334,34.65833333333334,0.8049845,0.0,10.200833333333335,15.823333333333336,11.0,23.058333333333334,29.675000000000008,1.1384199,0.0,7.765833333333333,12.466666666666669,12.0,27.26363636363636,24.60909090909091,1.08,0.0,6.648181818181819,9.88090909090909,13.0,27.933333333333334,21.48333333333333,1.5273507,0.0,8.543333333333333,14.056666666666668,5.917272727272728,8.444545454545455
11.0,23.058333333333334,29.675000000000008,1.1384199,0.0,7.765833333333333,12.466666666666669,12.0,27.26363636363636,24.60909090909091,1.08,0.0,6.648181818181819,9.88090909090909,13.0,27.933333333333334,21.48333333333333,1.5273507,0.0,8.543333333333333,14.056666666666668,14.0,26.572727272727278,22.345454545454547,1.484318,0.0,5.917272727272728,8.444545454545455,15.0,23.75454545454545,24.41818181818181,1.8,0.0,5.766363636363637,9.061818181818182,16.0,20.60833333333333,29.341666666666665,2.2768397,0.0,6.959166666666666,10.4625,12.23166666666667,18.744166666666665
14.0,26.572727272727278,22.345454545454547,1.484318,0.0,5.917272727272728,8.444545454545455,15.0,23.75454545454545,24.41818181818181,1.8,0.0,5.766363636363637,9.061818181818182,16.0,20.60833333333333,29.341666666666665,2.2768397,0.0,6.959166666666666,10.4625,17.0,19.675,29.975000000000005,1.9386592,0.0,12.23166666666667,18.744166666666665,18.0,18.35,34.625,4.198285,0.0,9.76,14.475833333333329,19.0,16.55,38.36666666666667,6.297428,0.0,11.515,19.006666666666664,7.632499999999999,10.47
17.0,19.675,29.975000000000005,1.9386592,0.0,12.23166666666667,18.744166666666665,18.0,18.35,34.625,4.198285,0.0,9.76,14.475833333333329,19.0,16.55,38.36666666666667,6.297428,0.0,11.515,19.006666666666664,20.0,15.166666666666666,43.75,5.0528407,0.0,7.632499999999999,10.47,21.0,14.175,47.45,4.2136917,0.0,8.416666666666666,12.790833333333332,22.0,13.050000000000002,52.75,2.4149535,0.0,10.965000000000002,16.37083333333333,7.729090909090909,11.423636363636364
20.0,15.166666666666666,43.75,5.0528407,0.0,7.632499999999999,10.47,21.0,14.175,47.45,4.2136917,0.0,8.416666666666666,12.790833333333332,22.0,13.050000000000002,52.75,2.4149535,0.0,10.965000000000002,16.37083333333333,23.0,12.47272727272727,53.98181818181818,2.2768397,0.0,7.729090909090909,11.423636363636364,0.0,11.875,56.19166666666667,1.2979983999999998,0.0,10.463333333333336,15.984166666666669,1.0,11.254545454545452,57.50909090909091,5.771239,0.0,8.362727272727271,12.932727272727275,7.800000000000002,12.298333333333334
23.0,12.47272727272727,53.98181818181818,2.2768397,0.0,7.729090909090909,11.423636363636364,0.0,11.875,56.19166666666667,1.2979983999999998,0.0,10.463333333333336,15.984166666666669,1.0,11.254545454545452,57.50909090909091,5.771239,0.0,8.362727272727271,12.932727272727275,2.0,10.55,58.84166666666666,1.484318,0.0,7.800000000000002,12.298333333333334,3.0,10.158333333333331,60.491666666666674,1.835647,0.0,5.1825,6.845833333333332,4.0,9.125,65.03333333333333,3.0758414000000003,0.0,6.998333333333332,11.379166666666665,7.906666666666667,11.4275
2.0,10.55,58.84166666666666,1.484318,0.0,7.800000000000002,12.298333333333334,3.0,10.158333333333331,60.491666666666674,1.835647,0.0,5.1825,6.845833333333332,4.0,9.125,65.03333333333333,3.0758414000000003,0.0,6.998333333333332,11.379166666666665,5.0,9.058333333333332,64.875,3.396233,0.0,7.906666666666667,11.4275,6.0,9.416666666666666,63.10833333333333,1.4399999,0.0,11.299166666666665,17.505833333333335,7.0,10.183333333333332,60.225,1.2979983999999998,0.0,12.01,16.51583333333333,8.547272727272727,12.37909090909091
5.0,9.058333333333332,64.875,3.396233,0.0,7.906666666666667,11.4275,6.0,9.416666666666666,63.10833333333333,1.4399999,0.0,11.299166666666665,17.505833333333335,7.0,10.183333333333332,60.225,1.2979983999999998,0.0,12.01,16.51583333333333,8.0,11.1,53.681818181818194,1.484318,0.0,8.547272727272727,12.37909090909091,9.0,15.441666666666665,42.24999999999999,2.52,0.0,12.675000000000002,20.15333333333333,10.0,17.650000000000002,38.675,3.671294,0.0,13.365833333333333,20.13416666666667,13.893333333333333,21.59416666666667
8.0,11.1,53.681818181818194,1.484318,0.0,8.547272727272727,12.37909090909091,9.0,15.441666666666665,42.24999999999999,2.52,0.0,12.675000000000002,20.15333333333333,10.0,17.650000000000002,38.675,3.671294,0.0,13.365833333333333,20.13416666666667,11.0,23.54166666666666,30.925,4.802999,0.0,13.893333333333333,21.59416666666667,12.0,29.0,26.966666666666665,4.6938252,0.0,12.589999999999998,19.6275,13.0,30.675,24.95833333333333,6.2145634,0.0,16.278333333333332,25.63,12.601666666666668,18.335
11.0,23.54166666666666,30.925,4.802999,0.0,13.893333333333333,21.59416666666667,12.0,29.0,26.966666666666665,4.6938252,0.0,12.589999999999998,19.6275,13.0,30.675,24.95833333333333,6.2145634,0.0,16.278333333333332,25.63,14.0,31.616666666666664,23.066666666666663,6.6185193,0.0,12.601666666666668,18.335,15.0,27.58333333333333,25.5,7.704335700000001,0.0,10.4825,15.419166666666664,16.0,23.391666666666666,26.141666666666666,7.127636,0.0,6.819999999999998,10.3075,5.5209090909090905,8.58
14.0,31.616666666666664,23.066666666666663,6.6185193,0.0,12.601666666666668,18.335,15.0,27.58333333333333,25.5,7.704335700000001,0.0,10.4825,15.419166666666664,16.0,23.391666666666666,26.141666666666666,7.127636,0.0,6.819999999999998,10.3075,17.0,22.3,27.59090909090909,5.1919937,0.0,5.5209090909090905,8.58,18.0,20.516666666666666,32.6,3.096837,0.0,10.903333333333336,17.266666666666666,19.0,18.40833333333333,38.55,1.8,0.0,8.929166666666667,13.619166666666668,14.890833333333337,19.96916666666667
17.0,22.3,27.59090909090909,5.1919937,0.0,5.5209090909090905,8.58,18.0,20.516666666666666,32.6,3.096837,0.0,10.903333333333336,17.266666666666666,19.0,18.40833333333333,38.55,1.8,0.0,8.929166666666667,13.619166666666668,20.0,16.874999999999996,44.96666666666666,1.8,0.0,14.890833333333337,19.96916666666667,21.0,15.691666666666665,53.45,2.3051248,0.0,12.221666666666666,17.113333333333333,22.0,14.574999999999998,56.71666666666667,3.0758414000000003,0.0,10.020833333333334,14.095,8.898333333333335,13.261666666666663
20.0,16.874999999999996,44.96666666666666,1.8,0.0,14.890833333333337,19.96916666666667,21.0,15.691666666666665,53.45,2.3051248,0.0,12.221666666666666,17.113333333333333,22.0,14.574999999999998,56.71666666666667,3.0758414000000003,0.0,10.020833333333334,14.095,23.0,13.70833333333333,57.958333333333336,2.16,0.0,8.898333333333335,13.261666666666663,0.0,13.283333333333337,59.175,1.484318,0.0,11.630000000000004,18.098333333333333,1.0,12.641666666666667,62.075,1.9386592,0.0,11.369166666666668,17.22583333333333,13.144166666666663,21.19333333333333
23.0,13.70833333333333,57.958333333333336,2.16,0.0,8.898333333333335,13.261666666666663,0.0,13.283333333333337,59.175,1.484318,0.0,11.630000000000004,18.098333333333333,1.0,12.641666666666667,62.075,1.9386592,0.0,11.369166666666668,17.22583333333333,2.0,11.591666666666669,65.87499999999999,0.71999997,0.0,13.144166666666663,21.19333333333333,3.0,11.133333333333333,67.15833333333333,0.0,0.0,8.013333333333332,10.9825,4.0,11.025,67.79166666666667,0.0,0.0,11.568333333333332,17.8,11.914166666666665,16.86583333333333
2.0,11.591666666666669,65.87499999999999,0.71999997,0.0,13.144166666666663,21.19333333333333,3.0,11.133333333333333,67.15833333333333,0.0,0.0,8.013333333333332,10.9825,4.0,11.025,67.79166666666667,0.0,0.0,11.568333333333332,17.8,5.0,10.333333333333334,69.53333333333333,0.71999997,0.0,11.914166666666665,16.86583333333333,6.0,10.416666666666666,69.475,1.08,0.0,10.204166666666667,13.5575,7.0,11.824999999999998,62.025,0.35999998,0.0,9.098333333333334,11.921666666666669,8.370833333333334,12.760833333333332
5.0,10.333333333333334,69.53333333333333,0.71999997,0.0,11.914166666666665,16.86583333333333,6.0,10.416666666666666,69.475,1.08,0.0,10.204166666666667,13.5575,7.0,11.824999999999998,62.025,0.35999998,0.0,9.098333333333334,11.921666666666669,8.0,13.216666666666669,53.89166666666667,1.2979983999999998,0.0,8.370833333333334,12.760833333333332,9.0,17.4,41.68333333333334,5.3517847000000005,0.0,7.537499999999999,12.198333333333332,10.0,20.525,39.05,8.089993,0.0,7.592500000000001,11.11,9.481666666666667,12.8525
8.0,13.216666666666669,53.89166666666667,1.2979983999999998,0.0,8.370833333333334,12.760833333333332,9.0,17.4,41.68333333333334,5.3517847000000005,0.0,7.537499999999999,12.198333333333332,10.0,20.525,39.05,8.089993,0.0,7.592500000000001,11.11,11.0,26.71666666666667,31.075,7.952659599999999,0.0,9.481666666666667,12.8525,12.0,29.566666666666663,27.77499999999999,6.28713,0.0,8.589166666666666,12.651666666666666,13.0,30.691666666666663,25.599999999999994,6.12,0.0,11.269999999999998,18.164166666666667,6.501666666666666,9.085
11.0,26.71666666666667,31.075,7.952659599999999,0.0,9.481666666666667,12.8525,12.0,29.566666666666663,27.77499999999999,6.28713,0.0,8.589166666666666,12.651666666666666,13.0,30.691666666666663,25.599999999999994,6.12,0.0,11.269999999999998,18.164166666666667,14.0,30.308333333333337,25.808333333333334,5.447788200000001,0.0,6.501666666666666,9.085,15.0,27.133333333333336,28.058333333333334,5.04,0.0,9.916666666666666,15.684166666666664,16.0,23.441666666666663,33.358333333333334,4.3349743,0.0,10.04,14.133333333333333,10.8225,14.894166666666669
14.0,30.308333333333337,25.808333333333334,5.447788200000001,0.0,6.501666666666666,9.085,15.0,27.133333333333336,28.058333333333334,5.04,0.0,9.916666666666666,15.684166666666664,16.0,23.441666666666663,33.358333333333334,4.3349743,0.0,10.04,14.133333333333333,17.0,22.225,35.925,5.1919937,0.0,10.8225,14.894166666666669,18.0,20.666666666666664,38.79166666666666,9.1641035,0.0,13.584166666666665,20.08833333333333,19.0,19.08,44.99,7.5685663,0.0,10.814,15.249,29.71666666666667,43.64000000000001
17.0,22.225,35.925,5.1919937,0.0,10.8225,14.894166666666669,18.0,20.666666666666664,38.79166666666666,9.1641035,0.0,13.584166666666665,20.08833333333333,19.0,19.08,44.99,7.5685663,0.0,10.814,15.249,0.0,0.0,0.0,0.0,0.0,0.0,0.0,0.0,0.0,0.0,0.0,0.0,0.0,0.0,0.0,0.0,0.0,0.0,0.0,0.0,0.0,10.6875,14.689166666666669
0.0,0.0,0.0,0.0,0.0,0.0,0.0,0.0,0.0,0.0,0.0,0.0,0.0,0.0,0.0,0.0,0.0,0.0,0.0,0.0,0.0,0.0,0.0,0.0,0.0,0.0,0.0,0.0,0.0,0.0,0.0,0.0,0.0,0.0,0.0,0.0,0.0,0.0,0.0,0.0,0.0,0.0,14.583333333333336,19.60083333333333
0.0,0.0,0.0,0.0,0.0,0.0,0.0,0.0,0.0,0.0,0.0,0.0,0.0,0.0,0.0,0.0,0.0,0.0,0.0,0.0,0.0,0.0,0.0,0.0,0.0,0.0,0.0,0.0,0.0,0.0,0.0,0.0,0.0,0.0,0.0,0.0,0.0,0.0,0.0,0.0,0.0,0.0,8.771666666666667,13.308333333333335
0.0,0.0,0.0,0.0,0.0,0.0,0.0,0.0,0.0,0.0,0.0,0.0,0.0,0.0,0.0,0.0,0.0,0.0,0.0,0.0,0.0,0.0,0.0,0.0,0.0,0.0,0.0,0.0,0.0,0.0,0.0,0.0,0.0,0.0,0.0,0.0,0.0,0.0,0.0,0.0,0.0,0.0,11.18,16.31416666666667
0.0,0.0,0.0,0.0,0.0,0.0,0.0,0.0,0.0,0.0,0.0,0.0,0.0,0.0,0.0,0.0,0.0,0.0,0.0,0.0,0.0,0.0,0.0,0.0,0.0,0.0,0.0,0.0,0.0,0.0,0.0,0.0,0.0,0.0,0.0,0.0,0.0,0.0,0.0,0.0,0.0,0.0,12.455,18.17
0.0,0.0,0.0,0.0,0.0,0.0,0.0,0.0,0.0,0.0,0.0,0.0,0.0,0.0,0.0,0.0,0.0,0.0,0.0,0.0,0.0,0.0,0.0,0.0,0.0,0.0,0.0,0.0,0.0,0.0,0.0,0.0,0.0,0.0,0.0,0.0,0.0,0.0,0.0,0.0,0.0,0.0,17.794166666666666,24.665000000000003
0.0,0.0,0.0,0.0,0.0,0.0,0.0,0.0,0.0,0.0,0.0,0.0,0.0,0.0,0.0,0.0,0.0,0.0,0.0,0.0,0.0,0.0,0.0,0.0,0.0,0.0,0.0,0.0,0.0,0.0,0.0,0.0,0.0,0.0,0.0,0.0,0.0,0.0,0.0,0.0,0.0,0.0,15.61,23.9525
0.0,0.0,0.0,0.0,0.0,0.0,0.0,0.0,0.0,0.0,0.0,0.0,0.0,0.0,0.0,0.0,0.0,0.0,0.0,0.0,0.0,0.0,0.0,0.0,0.0,0.0,0.0,0.0,0.0,0.0,0.0,0.0,0.0,0.0,0.0,0.0,0.0,0.0,0.0,0.0,0.0,0.0,10.144166666666669,15.652500000000002
0.0,0.0,0.0,0.0,0.0,0.0,0.0,0.0,0.0,0.0,0.0,0.0,0.0,0.0,0.0,0.0,0.0,0.0,0.0,0.0,0.0,0.0,0.0,0.0,0.0,0.0,0.0,0.0,0.0,0.0,0.0,0.0,0.0,0.0,0.0,0.0,0.0,0.0,0.0,0.0,0.0,0.0,8.504166666666665,13.204166666666666
0.0,0.0,0.0,0.0,0.0,0.0,0.0,0.0,0.0,0.0,0.0,0.0,0.0,0.0,0.0,0.0,0.0,0.0,0.0,0.0,0.0,0.0,0.0,0.0,0.0,0.0,0.0,0.0,0.0,0.0,0.0,0.0,0.0,0.0,0.0,0.0,0.0,0.0,0.0,0.0,0.0,0.0,8.1775,13.04
0.0,0.0,0.0,0.0,0.0,0.0,0.0,0.0,0.0,0.0,0.0,0.0,0.0,0.0,0.0,0.0,0.0,0.0,0.0,0.0,0.0,0.0,0.0,0.0,0.0,0.0,0.0,0.0,0.0,0.0,0.0,0.0,0.0,0.0,0.0,0.0,0.0,0.0,0.0,0.0,0.0,0.0,9.205,15.120833333333335
0.0,0.0,0.0,0.0,0.0,0.0,0.0,0.0,0.0,0.0,0.0,0.0,0.0,0.0,0.0,0.0,0.0,0.0,0.0,0.0,0.0,0.0,0.0,0.0,0.0,0.0,0.0,0.0,0.0,0.0,0.0,0.0,0.0,0.0,0.0,0.0,0.0,0.0,0.0,0.0,0.0,0.0,6.370833333333335,10.440833333333334
0.0,0.0,0.0,0.0,0.0,0.0,0.0,0.0,0.0,0.0,0.0,0.0,0.0,0.0,0.0,0.0,0.0,0.0,0.0,0.0,0.0,0.0,0.0,0.0,0.0,0.0,0.0,0.0,0.0,0.0,0.0,0.0,0.0,0.0,0.0,0.0,0.0,0.0,0.0,0.0,0.0,0.0,11.180833333333332,18.293333333333333
11.0,28.96666666666667,31.3,9.3876505,0.0,29.71666666666667,43.64000000000001,12.0,28.566666666666663,31.758333333333336,12.57426,0.0,20.78333333333333,24.44416666666667,13.0,29.20833333333333,30.883333333333336,11.177405,0.0,20.24083333333333,26.5475,0.0,0.0,0.0,0.0,0.0,0.0,0.0,0.0,0.0,0.0,0.0,0.0,0.0,0.0,0.0,0.0,0.0,0.0,0.0,0.0,0.0,7.743333333333335,11.2875
11.0,28.96666666666667,31.3,9.3876505,0.0,29.71666666666667,43.64000000000001,12.0,28.566666666666663,31.758333333333336,12.57426,0.0,20.78333333333333,24.44416666666667,13.0,29.20833333333333,30.883333333333336,11.177405,0.0,20.24083333333333,26.5475,14.0,28.766666666666666,29.60833333333333,11.525623,0.0,10.6875,14.689166666666669,15.0,23.875,38.69166666666667,11.384199,0.0,17.3725,23.894166666666667,16.0,20.758333333333336,42.76666666666667,12.303366,0.0,20.034166666666664,29.13166666666667,8.66090909090909,13.32272727272727
14.0,28.766666666666666,29.60833333333333,11.525623,0.0,10.6875,14.689166666666669,15.0,23.875,38.69166666666667,11.384199,0.0,17.3725,23.894166666666667,16.0,20.758333333333336,42.76666666666667,12.303366,0.0,20.034166666666664,29.13166666666667,17.0,19.03333333333333,45.28333333333333,15.978484,0.0,14.583333333333336,19.60083333333333,18.0,17.683333333333334,48.04166666666666,17.388409,0.0,16.05,21.59083333333333,19.0,17.125,45.55833333333334,20.929594,0.0,13.345,20.45416666666667,7.022500000000001,11.301666666666668
17.0,19.03333333333333,45.28333333333333,15.978484,0.0,14.583333333333336,19.60083333333333,18.0,17.683333333333334,48.04166666666666,17.388409,0.0,16.05,21.59083333333333,19.0,17.125,45.55833333333334,20.929594,0.0,13.345,20.45416666666667,20.0,15.800000000000002,40.54166666666666,22.473343,0.0,8.771666666666667,13.308333333333335,21.0,14.1,43.18333333333334,20.188908,0.0,8.1775,11.425833333333337,22.0,12.866666666666667,47.76666666666667,15.379206,0.0,9.741666666666664,13.964999999999998,6.117272727272726,9.489999999999998
20.0,15.800000000000002,40.54166666666666,22.473343,0.0,8.771666666666667,13.308333333333335,21.0,14.1,43.18333333333334,20.188908,0.0,8.1775,11.425833333333337,22.0,12.866666666666667,47.76666666666667,15.379206,0.0,9.741666666666664,13.964999999999998,23.0,11.516666666666667,52.03333333333333,11.592895,0.0,11.18,16.31416666666667,0.0,10.983333333333333,52.39166666666667,9.178235,0.0,10.760833333333332,15.4925,1.0,10.166666666666666,53.14166666666667,8.12197,0.0,11.315833333333332,16.999999999999996,6.811818181818182,11.11909090909091
23.0,11.516666666666667,52.03333333333333,11.592895,0.0,11.18,16.31416666666667,0.0,10.983333333333333,52.39166666666667,9.178235,0.0,10.760833333333332,15.4925,1.0,10.166666666666666,53.14166666666667,8.12197,0.0,11.315833333333332,16.999999999999996,2.0,9.016666666666667,56.65833333333333,13.779114000000002,0.0,12.455,18.17,3.0,7.891666666666668,60.0,19.67195,0.0,16.55666666666667,24.08333333333333,4.0,7.5,61.025000000000006,18.668005,0.0,20.618333333333336,31.77583333333333,6.465,9.430833333333334
2.0,9.016666666666667,56.65833333333333,13.779114000000002,0.0,12.455,18.17,3.0,7.891666666666668,60.0,19.67195,0.0,16.55666666666667,24.08333333333333,4.0,7.5,61.025000000000006,18.668005,0.0,20.618333333333336,31.77583333333333,5.0,7.300000000000001,61.40833333333333,18.335276,0.0,17.794166666666666,24.665000000000003,6.0,7.716666666666668,60.33333333333332,20.65848,0.0,13.637499999999998,19.776666666666667,7.0,8.108333333333333,56.1,22.768396,0.0,11.676666666666668,17.055,7.368333333333332,10.130833333333332
5.0,7.300000000000001,61.40833333333333,18.335276,0.0,17.794166666666666,24.665000000000003,6.0,7.716666666666668,60.33333333333332,20.65848,0.0,13.637499999999998,19.776666666666667,7.0,8.108333333333333,56.1,22.768396,0.0,11.676666666666668,17.055,8.0,9.591666666666669,51.86666666666667,23.023117000000003,0.0,15.61,23.9525,9.0,12.558333333333335,43.09166666666667,22.226902,0.0,9.936666666666667,13.688333333333333,10.0,11.79166666666667,43.29166666666666,21.413193,0.0,9.222500000000002,13.658333333333331,8.371666666666666,13.480000000000002
8.0,9.591666666666669,51.86666666666667,23.023117000000003,0.0,15.61,23.9525,9.0,12.558333333333335,43.09166666666667,22.226902,0.0,9.936666666666667,13.688333333333333,10.0,11.79166666666667,43.29166666666666,21.413193,0.0,9.222500000000002,13.658333333333331,11.0,12.316666666666668,41.38333333333333,20.140705,0.0,10.144166666666669,15.652500000000002,12.0,14.391666666666666,35.96666666666666,26.749235,0.0,8.879166666666668,14.179166666666664,13.0,15.2,33.37500000000001,27.047956,0.0,5.75,8.621666666666666,10.02,15.588333333333331
11.0,12.316666666666668,41.38333333333333,20.140705,0.0,10.144166666666669,15.652500000000002,12.0,14.391666666666666,35.96666666666666,26.749235,0.0,8.879166666666668,14.179166666666664,13.0,15.2,33.37500000000001,27.047956,0.0,5.75,8.621666666666666,14.0,15.608333333333333,32.00833333333333,27.553524,0.0,8.504166666666665,13.204166666666666,15.0,15.308333333333335,32.25,28.04305,0.0,7.138333333333335,11.295,16.0,12.091666666666669,36.34166666666668,27.212759,0.0,8.600833333333334,12.076666666666668,9.638333333333334,14.4775
14.0,15.608333333333333,32.00833333333333,27.553524,0.0,8.504166666666665,13.204166666666666,15.0,15.308333333333335,32.25,28.04305,0.0,7.138333333333335,11.295,16.0,12.091666666666669,36.34166666666668,27.212759,0.0,8.600833333333334,12.076666666666668,17.0,11.15,38.09166666666668,23.540806,0.0,8.1775,13.04,18.0,10.175,41.50833333333333,15.7908325,0.0,6.329999999999999,9.464166666666667,19.0,9.341666666666669,43.91666666666666,12.758432,0.0,7.702500000000001,12.284999999999998,7.304166666666668,11.62
17.0,11.15,38.09166666666668,23.540806,0.0,8.1775,13.04,18.0,10.175,41.50833333333333,15.7908325,0.0,6.329999999999999,9.464166666666667,19.0,9.341666666666669,43.91666666666666,12.758432,0.0,7.702500000000001,12.284999999999998,20.0,8.466666666666667,45.98333333333333,11.165805,0.0,9.205,15.120833333333335,21.0,8.183333333333335,47.325,9.107359,0.0,7.335833333333333,11.562500000000002,22.0,7.758333333333333,48.85833333333334,7.771331,0.0,5.984999999999999,9.085833333333332,6.233750000000001,10.56
20.0,8.466666666666667,45.98333333333333,11.165805,0.0,9.205,15.120833333333335,21.0,8.183333333333335,47.325,9.107359,0.0,7.335833333333333,11.562500000000002,22.0,7.758333333333333,48.85833333333334,7.771331,0.0,5.984999999999999,9.085833333333332,23.0,7.483333333333334,49.54999999999999,6.8399997,0.0,6.370833333333335,10.440833333333334,0.0,7.016666666666667,52.16666666666666,6.725353999999999,0.0,7.648333333333331,11.8775,1.0,6.7,54.5,6.725353999999999,0.0,7.779166666666669,11.777499999999998,5.066666666666666,7.635833333333334
23.0,7.483333333333334,49.54999999999999,6.8399997,0.0,6.370833333333335,10.440833333333334,0.0,7.016666666666667,52.16666666666666,6.725353999999999,0.0,7.648333333333331,11.8775,1.0,6.7,54.5,6.725353999999999,0.0,7.779166666666669,11.777499999999998,2.0,6.508333333333334,55.741666666666674,6.28713,0.0,11.180833333333332,18.293333333333333,3.0,5.949999999999999,57.3,5.904439,0.0,8.076666666666666,12.360833333333332,4.0,5.324999999999999,58.725,6.1305785,0.0,7.069999999999999,9.664166666666665,4.108333333333333,7.003333333333333
2.0,6.508333333333334,55.741666666666674,6.28713,0.0,11.180833333333332,18.293333333333333,3.0,5.949999999999999,57.3,5.904439,0.0,8.076666666666666,12.360833333333332,4.0,5.324999999999999,58.725,6.1305785,0.0,7.069999999999999,9.664166666666665,5.0,5.15,60.32500000000001,6.3690495,0.0,7.743333333333335,11.2875,6.0,5.233333333333333,59.73333333333334,4.072935,0.0,9.5425,14.351666666666668,7.0,6.566666666666667,56.05833333333334,6.618519,0.0,8.050833333333333,12.191666666666665,4.626363636363637,7.339090909090907
5.0,5.15,60.32500000000001,6.3690495,0.0,7.743333333333335,11.2875,6.0,5.233333333333333,59.73333333333334,4.072935,0.0,9.5425,14.351666666666668,7.0,6.566666666666667,56.05833333333334,6.618519,0.0,8.050833333333333,12.191666666666665,8.0,9.409090909090908,47.26363636363636,11.246759,0.0,8.66090909090909,13.32272727272727,9.0,12.433333333333332,37.5,14.291592,0.0,7.982500000000001,12.77833333333333,10.0,15.916666666666664,29.52500000000001,14.512064,0.0,5.425,8.225000000000001,6.368888888888889,10.695555555555556
8.0,9.409090909090908,47.26363636363636,11.246759,0.0,8.66090909090909,13.32272727272727,9.0,12.433333333333332,37.5,14.291592,0.0,7.982500000000001,12.77833333333333,10.0,15.916666666666664,29.52500000000001,14.512064,0.0,5.425,8.225000000000001,11.0,20.625,23.433333333333337,14.799459,0.0,7.022500000000001,11.301666666666668,12.0,23.08333333333333,21.53333333333333,22.183128,0.0,7.1241666666666665,11.745833333333332,13.0,23.84,21.23,18.79255,0.0,7.543000000000001,12.329000000000002,7.3,11.365454545454549
11.0,20.625,23.433333333333337,14.799459,0.0,7.022500000000001,11.301666666666668,12.0,23.08333333333333,21.53333333333333,22.183128,0.0,7.1241666666666665,11.745833333333332,13.0,23.84,21.23,18.79255,0.0,7.543000000000001,12.329000000000002,14.0,23.50909090909091,20.872727272727275,15.986593,0.0,6.117272727272726,9.489999999999998,15.0,20.0,23.316666666666663,13.684735,0.0,5.099166666666667,8.238333333333333,16.0,15.983333333333333,27.40833333333333,11.525623,0.0,6.108333333333332,9.744166666666668,8.441818181818181,13.149090909090908
14.0,23.50909090909091,20.872727272727275,15.986593,0.0,6.117272727272726,9.489999999999998,15.0,20.0,23.316666666666663,13.684735,0.0,5.099166666666667,8.238333333333333,16.0,15.983333333333333,27.40833333333333,11.525623,0.0,6.108333333333332,9.744166666666668,17.0,14.963636363636365,28.827272727272728,8.427383,0.0,6.811818181818182,11.11909090909091,18.0,13.949999999999998,31.28333333333333,6.4799995,0.0,8.281666666666668,13.183333333333332,19.0,12.7,34.84166666666666,5.991594,0.0,24.57,29.264166666666668,6.792222222222224,11.05
17.0,14.963636363636365,28.827272727272728,8.427383,0.0,6.811818181818182,11.11909090909091,18.0,13.949999999999998,31.28333333333333,6.4799995,0.0,8.281666666666668,13.183333333333332,19.0,12.7,34.84166666666666,5.991594,0.0,24.57,29.264166666666668,20.0,11.3,39.24166666666667,6.638072,0.0,6.465,9.430833333333334,21.0,10.425,43.11666666666667,5.0911684,0.0,7.195,10.925000000000002,22.0,9.35,48.84166666666667,2.6208394,0.0,9.280833333333334,13.9525,5.772222222222222,9.523333333333332
20.0,11.3,39.24166666666667,6.638072,0.0,6.465,9.430833333333334,21.0,10.425,43.11666666666667,5.0911684,0.0,7.195,10.925000000000002,22.0,9.35,48.84166666666667,2.6208394,0.0,9.280833333333334,13.9525,23.0,8.908333333333333,50.08333333333332,2.6208394,0.0,7.368333333333332,10.130833333333332,0.0,8.116666666666667,51.9,3.7585104,0.0,11.349166666666669,17.904166666666665,1.0,8.108333333333336,52.975,5.4833565,0.0,7.385000000000001,11.001666666666669,3.4111111111111105,5.435555555555555
23.0,8.908333333333333,50.08333333333332,2.6208394,0.0,7.368333333333332,10.130833333333332,0.0,8.116666666666667,51.9,3.7585104,0.0,11.349166666666669,17.904166666666665,1.0,8.108333333333336,52.975,5.4833565,0.0,7.385000000000001,11.001666666666669,2.0,7.525000000000001,57.900000000000006,7.10031,0.0,8.371666666666666,13.480000000000002,3.0,6.8500000000000005,59.65833333333333,8.587338,0.0,6.628333333333334,9.3925,4.0,6.525000000000001,62.11666666666665,9.422101,0.0,7.550833333333332,11.5075,3.917272727272728,6.402727272727271
2.0,7.525000000000001,57.900000000000006,7.10031,0.0,8.371666666666666,13.480000000000002,3.0,6.8500000000000005,59.65833333333333,8.587338,0.0,6.628333333333334,9.3925,4.0,6.525000000000001,62.11666666666665,9.422101,0.0,7.550833333333332,11.5075,5.0,6.716666666666666,58.44166666666669,9.673221,0.0,10.02,15.588333333333331,6.0,7.558333333333333,59.85833333333334,14.20062,0.0,8.914166666666665,13.889166666666668,7.0,9.041666666666666,51.08333333333334,18.792551,0.0,4.358333333333333,5.105833333333333,6.31,10.320833333333333
5.0,6.716666666666666,58.44166666666669,9.673221,0.0,10.02,15.588333333333331,6.0,7.558333333333333,59.85833333333334,14.20062,0.0,8.914166666666665,13.889166666666668,7.0,9.041666666666666,51.08333333333334,18.792551,0.0,4.358333333333333,5.105833333333333,8.0,11.025,42.583333333333336,22.461807,0.0,9.638333333333334,14.4775,9.0,13.233333333333334,39.00833333333333,26.727423,0.0,7.890000000000001,12.7725,10.0,13.45,38.76666666666666,28.521906,0.0,6.954166666666666,9.734166666666669,5.270833333333334,7.438333333333333
8.0,11.025,42.583333333333336,22.461807,0.0,9.638333333333334,14.4775,9.0,13.233333333333334,39.00833333333333,26.727423,0.0,7.890000000000001,12.7725,10.0,13.45,38.76666666666666,28.521906,0.0,6.954166666666666,9.734166666666669,11.0,15.675000000000002,37.00833333333333,32.777798,0.0,7.304166666666668,11.62,12.0,20.625,28.76666666666667,35.756172,0.0,7.322500000000001,12.014166666666668,13.0,16.62727272727273,32.372727272727275,36.2243,0.0,6.612727272727273,11.053636363636365,6.564999999999999,9.265833333333331
11.0,15.675000000000002,37.00833333333333,32.777798,0.0,7.304166666666668,11.62,12.0,20.625,28.76666666666667,35.756172,0.0,7.322500000000001,12.014166666666668,13.0,16.62727272727273,32.372727272727275,36.2243,0.0,6.612727272727273,11.053636363636365,14.0,15.9875,32.1625,39.21522,0.0,6.233750000000001,10.56,15.0,14.908333333333331,37.8,36.973244,0.0,6.996666666666667,10.836666666666666,16.0,14.07,40.99,38.96158,0.0,8.522,13.463,5.803636363636364,8.612727272727271
14.0,15.9875,32.1625,39.21522,0.0,6.233750000000001,10.56,15.0,14.908333333333331,37.8,36.973244,0.0,6.996666666666667,10.836666666666666,16.0,14.07,40.99,38.96158,0.0,8.522,13.463,17.0,13.066666666666665,46.73333333333334,28.348713,1.0,5.066666666666666,7.635833333333334,18.0,11.316666666666668,53.6,35.069984000000005,0.7,9.9425,14.6,19.0,9.325,60.0125,20.523155,0.0,6.6762500000000005,9.7275,6.005000000000001,9.448
17.0,13.066666666666665,46.73333333333334,28.348713,1.0,5.066666666666666,7.635833333333334,18.0,11.316666666666668,53.6,35.069984000000005,0.7,9.9425,14.6,19.0,9.325,60.0125,20.523155,0.0,6.6762500000000005,9.7275,20.0,7.0,59.13333333333333,9.83268,0.0,4.108333333333333,7.003333333333333,21.0,5.066666666666666,65.55555555555556,24.826954,2.3,1.8844444444444448,2.99,22.0,3.775,63.85,18.171976,0.4,5.606249999999999,9.77375,6.790909090909091,11.402727272727272
20.0,7.0,59.13333333333333,9.83268,0.0,4.108333333333333,7.003333333333333,21.0,5.066666666666666,65.55555555555556,24.826954,2.3,1.8844444444444448,2.99,22.0,3.775,63.85,18.171976,0.4,5.606249999999999,9.77375,23.0,2.663636363636364,73.73636363636363,8.913181,0.0,4.626363636363637,7.339090909090907,0.0,2.0375,69.46249999999999,2.16,0.0,6.12125,10.34125,1.0,2.8500000000000005,62.82000000000001,6.379216,0.0,3.825,6.305999999999999,6.294545454545454,10.689090909090911
23.0,2.663636363636364,73.73636363636363,8.913181,0.0,4.626363636363637,7.339090909090907,0.0,2.0375,69.46249999999999,2.16,0.0,6.12125,10.34125,1.0,2.8500000000000005,62.82000000000001,6.379216,0.0,3.825,6.305999999999999,2.0,2.0,67.6,7.92,0.0,6.368888888888889,10.695555555555556,3.0,1.8909090909090909,68.77272727272727,11.808878,0.0,5.890909090909091,9.827272727272728,4.0,1.6416666666666668,68.43333333333332,18.844202,0.0,5.2975,8.866666666666667,6.382999999999999,11.052
2.0,2.0,67.6,7.92,0.0,6.368888888888889,10.695555555555556,3.0,1.8909090909090909,68.77272727272727,11.808878,0.0,5.890909090909091,9.827272727272728,4.0,1.6416666666666668,68.43333333333332,18.844202,0.0,5.2975,8.866666666666667,5.0,1.7090909090909088,66.60909090909091,21.638964,0.0,7.3,11.365454545454549,6.0,1.8083333333333331,66.16666666666667,23.78453,0.0,10.4675,17.185,7.0,1.7416666666666665,64.04166666666667,32.682762,0.0,6.521666666666667,10.199166666666668,3.87090909090909,5.917272727272728
5.0,1.7090909090909088,66.60909090909091,21.638964,0.0,7.3,11.365454545454549,6.0,1.8083333333333331,66.16666666666667,23.78453,0.0,10.4675,17.185,7.0,1.7416666666666665,64.04166666666667,32.682762,0.0,6.521666666666667,10.199166666666668,8.0,3.3,54.73636363636364,34.20568,0.0,8.441818181818181,13.149090909090908,9.0,4.236363636363636,49.44545454545455,33.332577,0.0,6.346363636363637,10.4,10.0,4.990909090909091,45.81818181818182,32.79361,0.0,4.78,6.921818181818182,5.742857142857143,9.558571428571428
8.0,3.3,54.73636363636364,34.20568,0.0,8.441818181818181,13.149090909090908,9.0,4.236363636363636,49.44545454545455,33.332577,0.0,6.346363636363637,10.4,10.0,4.990909090909091,45.81818181818182,32.79361,0.0,4.78,6.921818181818182,11.0,4.144444444444444,49.15555555555555,36.516495,0.0,6.792222222222224,11.05,12.0,4.645454545454545,52.7090909090909,21.986542,0.1,4.010909090909091,5.607272727272727,13.0,5.154545454545454,48.39090909090908,19.586117,0.0,8.653636363636364,14.350909090909092,4.818181818181819,7.85
11.0,4.144444444444444,49.15555555555555,36.516495,0.0,6.792222222222224,11.05,12.0,4.645454545454545,52.7090909090909,21.986542,0.1,4.010909090909091,5.607272727272727,13.0,5.154545454545454,48.39090909090908,19.586117,0.0,8.653636363636364,14.350909090909092,14.0,5.144444444444445,53.1888888888889,24.162947,0.0,5.772222222222222,9.523333333333332,15.0,4.909999999999999,52.68000000000001,23.828083,0.0,5.199,8.579,16.0,4.388888888888889,62.53333333333333,20.447239,0.0,6.222222222222223,10.088888888888889,8.465454545454547,14.241818181818182
14.0,5.144444444444445,53.1888888888889,24.162947,0.0,5.772222222222222,9.523333333333332,15.0,4.909999999999999,52.68000000000001,23.828083,0.0,5.199,8.579,16.0,4.388888888888889,62.53333333333333,20.447239,0.0,6.222222222222223,10.088888888888889,17.0,3.711111111111111,58.75555555555555,18.58451,0.0,3.4111111111111105,5.435555555555555,18.0,3.3200000000000003,60.19,19.386593,0.0,4.700999999999999,7.31,19.0,2.9909090909090907,62.85454545454545,16.583460000000002,0.0,3.989090909090909,6.281818181818181,8.236666666666666,12.618333333333334
17.0,3.711111111111111,58.75555555555555,18.58451,0.0,3.4111111111111105,5.435555555555555,18.0,3.3200000000000003,60.19,19.386593,0.0,4.700999999999999,7.31,19.0,2.9909090909090907,62.85454545454545,16.583460000000002,0.0,3.989090909090909,6.281818181818181,20.0,2.654545454545455,59.781818181818174,11.542478,0.0,3.917272727272728,6.402727272727271,21.0,2.536363636363636,62.76363636363636,8.699793,0.0,5.612727272727273,8.56181818181818,22.0,2.3666666666666667,63.94444444444444,11.457958,0.0,6.364444444444445,9.49111111111111,8.873333333333333,14.105833333333331
20.0,2.654545454545455,59.781818181818174,11.542478,0.0,3.917272727272728,6.402727272727271,21.0,2.536363636363636,62.76363636363636,8.699793,0.0,5.612727272727273,8.56181818181818,22.0,2.3666666666666667,63.94444444444444,11.457958,0.0,6.364444444444445,9.49111111111111,23.0,1.8916666666666668,67.58333333333333,14.05845,0.0,6.31,10.320833333333333,0.0,1.5454545454545454,73.13636363636361,19.602652,0.4,7.8527272727272734,12.97181818181818,1.0,1.2181818181818185,81.40909090909092,9.449572,0.0,7.334545454545455,11.17,4.707500000000001,7.884166666666666
23.0,1.8916666666666668,67.58333333333333,14.05845,0.0,6.31,10.320833333333333,0.0,1.5454545454545454,73.13636363636361,19.602652,0.4,7.8527272727272734,12.97181818181818,1.0,1.2181818181818185,81.40909090909092,9.449572,0.0,7.334545454545455,11.17,2.0,0.9250000000000002,80.14166666666667,16.87398,0.9,5.270833333333334,7.438333333333333,3.0,0.9,76.94166666666668,25.40743,0.6,7.480000000000001,11.01,4.0,0.7500000000000001,77.99166666666666,29.379177,0.0,6.529166666666666,9.2,5.215833333333332,7.390833333333334
2.0,0.9250000000000002,80.14166666666667,16.87398,0.9,5.270833333333334,7.438333333333333,3.0,0.9,76.94166666666668,25.40743,0.6,7.480000000000001,11.01,4.0,0.7500000000000001,77.99166666666666,29.379177,0.0,6.529166666666666,9.2,5.0,0.3916666666666666,75.14166666666667,33.709534000000005,0.0,6.564999999999999,9.265833333333331,6.0,0.9250000000000002,70.475,28.894344,0.0,6.21,9.105833333333331,7.0,1.1083333333333334,71.31666666666665,26.161375,0.0,6.996666666666666,10.415833333333332,8.48625,14.3625
5.0,0.3916666666666666,75.14166666666667,33.709534000000005,0.0,6.564999999999999,9.265833333333331,6.0,0.9250000000000002,70.475,28.894344,0.0,6.21,9.105833333333331,7.0,1.1083333333333334,71.31666666666665,26.161375,0.0,6.996666666666666,10.415833333333332,8.0,1.681818181818182,67.30000000000001,21.566973,0.0,5.803636363636364,8.612727272727271,9.0,1.758333333333333,65.43333333333335,21.734581,0.0,5.095,7.3325,10.0,6.133333333333334,49.01666666666666,26.944744,0.0,6.784999999999999,11.3725,5.63,9.211
8.0,1.681818181818182,67.30000000000001,21.566973,0.0,5.803636363636364,8.612727272727271,9.0,1.758333333333333,65.43333333333335,21.734581,0.0,5.095,7.3325,10.0,6.133333333333334,49.01666666666666,26.944744,0.0,6.784999999999999,11.3725,11.0,6.94,44.28999999999999,31.170673,0.0,6.005000000000001,9.448,12.0,7.455555555555555,38.1,33.12,0.0,6.646666666666667,11.003333333333334,13.0,6.25,39.63333333333334,26.009842000000003,0.0,4.817500000000001,7.861666666666668,8.113333333333332,12.313333333333334
11.0,6.94,44.28999999999999,31.170673,0.0,6.005000000000001,9.448,12.0,7.455555555555555,38.1,33.12,0.0,6.646666666666667,11.003333333333334,13.0,6.25,39.63333333333334,26.009842000000003,0.0,4.817500000000001,7.861666666666668,14.0,5.3090909090909095,41.44545454545454,29.723444,0.0,6.790909090909091,11.402727272727272,15.0,5.616666666666667,43.23333333333334,30.633865000000004,0.0,3.7166666666666672,5.995833333333333,16.0,5.42,41.41,29.09103,0.0,6.259,10.376,8.003333333333332,13.353333333333332
14.0,5.3090909090909095,41.44545454545454,29.723444,0.0,6.790909090909091,11.402727272727272,15.0,5.616666666666667,43.23333333333334,30.633865000000004,0.0,3.7166666666666672,5.995833333333333,16.0,5.42,41.41,29.09103,0.0,6.259,10.376,17.0,4.454545454545454,44.47272727272728,26.525429,0.0,6.294545454545454,10.689090909090911,18.0,4.300000000000001,46.260000000000005,20.532627,0.0,3.9739999999999993,5.808,19.0,4.445454545454545,45.690909090909095,17.418196,0.0,5.866363636363635,9.52,7.750909090909093,12.903636363636364
17.0,4.454545454545454,44.47272727272728,26.525429,0.0,6.294545454545454,10.689090909090911,18.0,4.300000000000001,46.260000000000005,20.532627,0.0,3.9739999999999993,5.808,19.0,4.445454545454545,45.690909090909095,17.418196,0.0,5.866363636363635,9.52,20.0,4.49,44.84,17.148247,0.0,6.382999999999999,11.052,21.0,4.42,45.48,17.49615,0.0,4.906,7.715000000000001,22.0,4.359999999999999,46.81,19.513195,0.0,5.143,8.756,7.355833333333333,11.183333333333332
20.0,4.49,44.84,17.148247,0.0,6.382999999999999,11.052,21.0,4.42,45.48,17.49615,0.0,4.906,7.715000000000001,22.0,4.359999999999999,46.81,19.513195,0.0,5.143,8.756,23.0,4.2727272727272725,47.67272727272727,20.61766,0.0,3.87090909090909,5.917272727272728,0.0,4.1,49.27272727272727,22.206486,0.0,4.199090909090909,6.763636363636363,1.0,3.758333333333333,49.2,16.343367,0.0,5.189166666666667,8.295833333333333,6.969166666666666,10.899166666666666
23.0,4.2727272727272725,47.67272727272727,20.61766,0.0,3.87090909090909,5.917272727272728,0.0,4.1,49.27272727272727,22.206486,0.0,4.199090909090909,6.763636363636363,1.0,3.758333333333333,49.2,16.343367,0.0,5.189166666666667,8.295833333333333,2.0,3.442857142857143,49.457142857142856,13.039754,0.0,5.742857142857143,9.558571428571428,3.0,3.236363636363636,49.91818181818182,9.826088,0.0,6.674545454545453,10.847272727272728,4.0,3.1500000000000004,48.4625,11.753877,0.0,6.5875,11.08,7.3475,11.048333333333332
2.0,3.442857142857143,49.457142857142856,13.039754,0.0,5.742857142857143,9.558571428571428,3.0,3.236363636363636,49.91818181818182,9.826088,0.0,6.674545454545453,10.847272727272728,4.0,3.1500000000000004,48.4625,11.753877,0.0,6.5875,11.08,5.0,3.0727272727272723,47.74545454545454,10.948973,0.0,4.818181818181819,7.85,6.0,3.525,48.03333333333333,11.525623,0.0,5.073333333333333,8.008333333333335,7.0,4.460000000000001,46.73,13.324863,0.0,4.067,6.062,5.099090909090911,7.421818181818183
5.0,3.0727272727272723,47.74545454545454,10.948973,0.0,4.818181818181819,7.85,6.0,3.525,48.03333333333333,11.525623,0.0,5.073333333333333,8.008333333333335,7.0,4.460000000000001,46.73,13.324863,0.0,4.067,6.062,8.0,6.29090909090909,42.64545454545455,14.081477,0.0,8.465454545454547,14.241818181818182,9.0,9.183333333333334,36.93333333333333,12.0694,0.0,7.331666666666668,11.555,10.0,11.025,34.08333333333333,11.620809,0.0,7.761666666666666,12.28,5.636363636363637,9.134545454545457
8.0,6.29090909090909,42.64545454545455,14.081477,0.0,8.465454545454547,14.241818181818182,9.0,9.183333333333334,36.93333333333333,12.0694,0.0,7.331666666666668,11.555,10.0,11.025,34.08333333333333,11.620809,0.0,7.761666666666666,12.28,11.0,16.666666666666668,27.20833333333333,10.495713,0.0,8.236666666666666,12.618333333333334,12.0,18.18181818181818,25.027272727272724,10.00256,0.0,7.918181818181818,12.120000000000005,13.0,18.183333333333334,25.53333333333333,2.0991426,0.0,8.312499999999998,13.065833333333336,7.782499999999999,12.143333333333336
11.0,16.666666666666668,27.20833333333333,10.495713,0.0,8.236666666666666,12.618333333333334,12.0,18.18181818181818,25.027272727272724,10.00256,0.0,7.918181818181818,12.120000000000005,13.0,18.183333333333334,25.53333333333333,2.0991426,0.0,8.312499999999998,13.065833333333336,14.0,18.241666666666664,25.941666666666663,3.96,0.0,8.873333333333333,14.105833333333331,15.0,15.175,29.13333333333333,2.968636,0.0,6.526666666666666,9.4925,16.0,11.9,34.78333333333334,3.6179552,0.0,7.178333333333334,11.612500000000002,9.464999999999998,12.880833333333332
14.0,18.241666666666664,25.941666666666663,3.96,0.0,8.873333333333333,14.105833333333331,15.0,15.175,29.13333333333333,2.968636,0.0,6.526666666666666,9.4925,16.0,11.9,34.78333333333334,3.6179552,0.0,7.178333333333334,11.612500000000002,17.0,10.5,40.3,5.8048253,0.0,4.707500000000001,7.884166666666666,18.0,10.000000000000002,43.77272727272727,10.00256,0.0,6.418181818181819,10.016363636363636,19.0,9.418181818181816,49.354545454545466,9.659814,0.0,4.824545454545455,7.21,8.025,12.560000000000002
17.0,10.5,40.3,5.8048253,0.0,4.707500000000001,7.884166666666666,18.0,10.000000000000002,43.77272727272727,10.00256,0.0,6.418181818181819,10.016363636363636,19.0,9.418181818181816,49.354545454545466,9.659814,0.0,4.824545454545455,7.21,20.0,8.625000000000002,53.50833333333333,9.021574,0.0,5.215833333333332,7.390833333333334,21.0,8.05,55.58999999999999,8.699793,0.0,6.838999999999999,11.16,22.0,7.418181818181818,57.34545454545455,9.0,0.0,5.002727272727273,7.559090909090909,6.453,10.613
20.0,8.625000000000002,53.50833333333333,9.021574,0.0,5.215833333333332,7.390833333333334,21.0,8.05,55.58999999999999,8.699793,0.0,6.838999999999999,11.16,22.0,7.418181818181818,57.34545454545455,9.0,0.0,5.002727272727273,7.559090909090909,23.0,6.7875,58.5875,7.636752599999999,0.0,8.48625,14.3625,0.0,6.349999999999999,59.49999999999999,8.707238,0.0,6.048,10.034,1.0,5.809090909090909,61.24545454545454,10.594036,0.0,3.4445454545454552,5.148181818181818,7.773636363636364,13.075454545454546
23.0,6.7875,58.5875,7.636752599999999,0.0,8.48625,14.3625,0.0,6.349999999999999,59.49999999999999,8.707238,0.0,6.048,10.034,1.0,5.809090909090909,61.24545454545454,10.594036,0.0,3.4445454545454552,5.148181818181818,2.0,5.499999999999999,61.18000000000001,5.8603754,0.0,5.63,9.211,3.0,5.545454545454546,59.13636363636363,5.8048253,0.0,4.010000000000001,6.323636363636364,4.0,4.9833333333333325,61.61666666666667,4.73506,0.0,7.600000000000001,11.365833333333333,5.475555555555555,8.303333333333335
2.0,5.499999999999999,61.18000000000001,5.8603754,0.0,5.63,9.211,3.0,5.545454545454546,59.13636363636363,5.8048253,0.0,4.010000000000001,6.323636363636364,4.0,4.9833333333333325,61.61666666666667,4.73506,0.0,7.600000000000001,11.365833333333333,5.0,4.8500000000000005,62.90833333333333,4.68,0.0,8.113333333333332,12.313333333333334,6.0,5.8500000000000005,59.925,2.6208394,0.0,8.9,12.845833333333331,7.0,6.908333333333334,55.35,4.0249224,0.0,7.712500000000001,10.448333333333334,4.78625,7.62125
5.0,4.8500000000000005,62.90833333333333,4.68,0.0,8.113333333333332,12.313333333333334,6.0,5.8500000000000005,59.925,2.6208394,0.0,8.9,12.845833333333331,7.0,6.908333333333334,55.35,4.0249224,0.0,7.712500000000001,10.448333333333334,8.0,8.858333333333333,44.375,5.1919937,0.0,8.003333333333332,13.353333333333332,9.0,11.708333333333334,42.01666666666667,7.704335700000001,0.0,9.943333333333332,14.958333333333334,10.0,15.133333333333336,30.95833333333333,9.339208,0.0,5.928333333333334,8.614166666666664,5.368999999999999,8.341
8.0,8.858333333333333,44.375,5.1919937,0.0,8.003333333333332,13.353333333333332,9.0,11.708333333333334,42.01666666666667,7.704335700000001,0.0,9.943333333333332,14.958333333333334,10.0,15.133333333333336,30.95833333333333,9.339208,0.0,5.928333333333334,8.614166666666664,11.0,19.7,24.163636363636364,12.904882,0.0,7.750909090909093,12.903636363636364,12.0,20.133333333333336,24.341666666666665,14.489720000000002,0.0,7.705000000000001,12.346666666666666,13.0,22.591666666666665,21.89166666666667,14.4,0.0,8.453333333333333,14.123333333333337,3.5537499999999995,5.736250000000001
11.0,19.7,24.163636363636364,12.904882,0.0,7.750909090909093,12.903636363636364,12.0,20.133333333333336,24.341666666666665,14.489720000000002,0.0,7.705000000000001,12.346666666666666,13.0,22.591666666666665,21.89166666666667,14.4,0.0,8.453333333333333,14.123333333333337,14.0,22.85,23.075,14.021525,0.0,7.355833333333333,11.183333333333332,15.0,21.08333333333333,25.633333333333336,17.906157,0.0,6.587499999999999,9.790833333333332,16.0,17.958333333333332,29.875,20.140705,0.0,7.4675,11.225,4.190909090909091,6.679090909090909
